,Customer,ST,Gender,Education,Customer Lifetime Value,Income,Monthly Premium Auto,Number of Open Complaints,Policy Type,Vehicle Class,Total Claim Amount
1,QZ44356,Arizona,Female,Bachelor,697953.59,0,94,1/0/00,Personal Auto,Four-Door Car,1131
2,AI49188,Nevada,Female,Bachelor,1288743.17,48767,108,1/0/00,Personal Auto,Two-Door Car,566
3,WW63253,California,Male,Bachelor,764586.18,0,106,1/0/00,Corporate Auto,SUV,529
4,GA49547,Washington,Male,High School or Below,536307.65,36357,68,1/0/00,Personal Auto,Four-Door Car,17
5,OC83172,Oregon,Female,Bachelor,825629.78,62902,69,1/0/00,Personal Auto,Two-Door Car,159
6,XZ87318,Oregon,Female,College,538089.86,55350,67,1/0/00,Corporate Auto,Four-Door Car,321
7,CF85061,Arizona,Male,Master,721610.03,0,101,1/0/00,Corporate Auto,Four-Door Car,363
8,DY87989,Oregon,Male,Bachelor,2412750.40,14072,71,1/0/00,Corporate Auto,Four-Door Car,511
9,BQ94931,Oregon,Female,College,738817.81,28812,93,1/0/00,Special Auto,Four-Door Car,425
10,SX51350,California,Male,College,473899.20,0,67,1/0/00,Personal Auto,Four-Door Car,482
21,QK46697,Washington,Male,Bachelors,617710.93,61040,79,1/1/00,Personal Auto,Two-Door Car,20
27,HS14476,Washington,Male,College,916206.32,29723,80,1/0/00,Personal Auto,Four-Door Car,20
33,HD95276,Washington,Female,College,473787.17,0,130,1/0/00,Personal Auto,SUV,23
44,YD87931,Washington,Male,Doctor,495165.61,46896,35354,1/1/00,Personal Auto,Four-Door Car,31
53,NW21079,Washington,Female,Master,487938.48,67163,61,1/2/00,Personal Auto,Two-Door Car,33
85,YB66933,Washington,Female,Bachelor,538275.20,77552,68,1/1/00,Corporate Auto,Four-Door Car,45
91,OW15518,Washington,Female,College,1595001.95,0,87,1/1/00,Personal Auto,Two-Door Car,46
111,GP39118,Washington,Male,High School or Below,499655.27,71600,63,1/0/00,Personal Auto,Two-Door Car,46
114,SG20925,Washington,Female,Master,518579.76,99428,6464,1/1/00,Personal Auto,Four-Door Car,48
120,FM14335,Washington,Female,College,1048491.54,61108,89,1/0/00,Personal Auto,Four-Door Car,49
129,HS28694,Washington,Female,High School or Below,282986.39,25317,71,1/0/00,Personal Auto,Two-Door Car,50
137,LH92841,Washington,Female,Bachelors,725595.38,88891,89,1/0/00,Personal Auto,Four-Door Car,50
139,AZ95587,AZ,Female,Bachelor,1038855.32,61222,89,1/0/00,Special Auto,Four-Door Car,392
140,DS81757,Oregon,Male,College,247012.12,0,74,1/0/00,Personal Auto,Two-Door Car,721
141,OJ94107,AZ,Male,Master,561906.85,50335,140,1/0/00,Personal Auto,SUV,456
142,LP84436,California,Female,High School or Below,904711.92,0,127,1/0/00,Personal Auto,Sports Car,1087
143,FF22360,Washington,Female,Doctor,268731.41,82210,68,1/4/00,Personal Auto,Four-Door Car,51
144,LM19287,Oregon,Female,High School or Below,373150.46,0,96,1/0/00,Personal Auto,Four-Door Car,460
145,ZU18643,Nevada,Male,Bachelor,366077.03,64495,92,1/0/00,Corporate Auto,Four-Door Car,251
146,AZ82578,California,Female,College,792882.93,0,72,1/0/00,Corporate Auto,Four-Door Car,345
147,XC67861,Arizona,Female,Bachelor,501175.16,28859,67,1/3/00,Corporate Auto,Two-Door Car,321
148,YC43143,Arizona,Female,High School or Below,798825.83,77330,99,1/0/00,Personal Auto,Four-Door Car,99
149,EK59571,Oregon,Male,College,388545.64,0,105,1/0/00,Corporate Auto,Four-Door Car,504
150,PA38372,Washington,Female,High School or Below,935773.78,33060,117,1/0/00,Personal Auto,Four-Door Car,56
151,RO18530,Washington,Male,Master,254068.98,42557,65,1/0/00,Personal Auto,Four-Door Car,57
152,PD27940,Arizona,Male,High School or Below,488516.25,26372,126,1/0/00,Personal Auto,SUV,604
153,BS77946,Arizona,Female,Bachelor,975330.71,17514,127,1/0/00,Personal Auto,SUV,8
154,YM50253,California,Female,Bachelor,294615.37,89270,74,1/0/00,Personal Auto,Four-Door Car,316
155,NR15332,California,Male,High School or Below,258111.09,29757,65,1/0/00,Personal Auto,Four-Door Car,312
156,RC62865,Oregon,Male,College,351738.58,51814,92,1/0/00,Personal Auto,Four-Door Car,56
157,CC15295,Oregon,Female,Bachelor,974335.01,24028,82,1/0/00,Personal Auto,Four-Door Car,393
158,KA61892,Arizona,Male,College,387364.70,28142,105,1/0/00,Personal Auto,Sports Car,701
159,OS94884,Arizona,Female,Bachelor,764928.20,52705,64,1/1/00,Personal Auto,Two-Door Car,128
160,ND87334,California,Male,High School or Below,228759.69,0,63,1/0/00,Corporate Auto,Two-Door Car,679
161,OY51402,Washington,Female,High School or Below,825576.39,54040,103,1/0/00,Personal Auto,SUV,59
162,YL74911,California,Female,College,871492.21,0,118,1/0/00,Personal Auto,SUV,566
163,GK92563,Washington,Female,Doctor,681923.12,22492,85,1/0/00,Personal Auto,Two-Door Car,61
164,HL53154,California,Male,Bachelor,741619.73,0,77,1/2/00,Personal Auto,Four-Door Car,554
165,RI78966,Oregon,Male,Master,777115.90,21876,68,1/0/00,Personal Auto,Four-Door Car,465
166,IC13702,California,Female,Bachelor,696834.19,0,69,1/1/00,Personal Auto,Four-Door Car,496
167,BE10809,California,Female,High School or Below,425028.26,0,61,1/1/00,Personal Auto,Four-Door Car,292
168,HT87217,Oregon,Female,High School or Below,1977656.65,70699,82,1/0/00,Personal Auto,Four-Door Car,256
169,TH95618,California,Female,High School or Below,2134346.60,0,74,1/1/00,Personal Auto,Four-Door Car,355
170,TS19868,California,Male,College,241313.97,27501,63,1/0/00,Personal Auto,Four-Door Car,542
171,LP45550,Oregon,Female,Doctor,1536384.72,15897,101,1/0/00,Personal Auto,Four-Door Car,303
172,QR87004,Nevada,Female,College,845696.19,25141,73,1/1/00,Personal Auto,Four-Door Car,25
173,OE75747,Nevada,Female,College,218964.25,0,61,1/3/00,Personal Auto,Four-Door Car,292
174,DX91392,California,Male,High School or Below,578018.22,51066,74,1/0/00,Personal Auto,Four-Door Car,787
175,AB72731,California,Female,Bachelor,463998.16,28358,117,1/0/00,Personal Auto,Sports Car,84
176,GX84338,Washington,Female,Doctor,382443.13,62530,95,1/0/00,Personal Auto,Four-Door Car,61
177,IS12901,Arizona,Female,Bachelor,596811.89,90972,74,1/0/00,Personal Auto,Two-Door Car,232
178,BN90616,Washington,Female,Bachelor,859033.50,63110,72,1/0/00,Personal Auto,Four-Door Car,68
179,HH90090,California,Female,Bachelor,407663.47,29549,104,1/0/00,Personal Auto,Sports Car,710
180,IU25463,California,Female,Bachelor,1225260.18,0,115,1/1/00,Personal Auto,Four-Door Car,552
181,KC11055,Nevada,Female,Bachelor,1693627.15,39411,217,1/2/00,Personal Auto,Luxury Car,1122
182,PD33979,Oregon,Male,High School or Below,489243.55,21709,62,1/0/00,Personal Auto,Four-Door Car,408
183,NK71023,Nevada,Male,Bachelor,994230.48,67890,85,1/0/00,Personal Auto,Four-Door Car,408
184,AB13432,California,Male,Bachelor,373583.81,0,110,1/0/00,Personal Auto,SUV,792
185,OZ97704,California,Female,High School or Below,1311752.22,84311,111,1/4/00,Personal Auto,SUV,532
186,UF46533,California,Female,College,457452.41,99316,114,1/0/00,Corporate Auto,SUV,754
187,XP47431,Arizona,Female,Bachelor,547006.06,54507,138,1/0/00,Personal Auto,SUV,702
188,GK73582,California,Female,Bachelor,297884.60,64586,76,1/0/00,Personal Auto,Four-Door Car,206
189,RV98763,Oregon,Male,College,641096.75,61709,82,1/2/00,Personal Auto,Four-Door Car,275
190,II62831,California,Male,Master,447902.31,94656,111,1/1/00,Special Auto,SUV,459
191,XK33449,California,Female,High School or Below,238373.19,0,69,1/0/00,Special Auto,Two-Door Car,496
192,TR85083,California,Male,Bachelor,276449.37,61085,70,1/1/00,Personal Auto,Two-Door Car,336
193,EO95328,Oregon,Female,Bachelor,792010.54,89284,67,1/3/00,Personal Auto,Two-Door Car,321
194,EN21086,Arizona,Female,High School or Below,688909.80,0,63,1/0/00,Personal Auto,Four-Door Car,302
195,YL83902,WA,Female,Bachelor,327419.46,31686,81,1/0/00,Personal Auto,Four-Door Car,430
196,AZ62651,Oregon,Male,High School or Below,995170.77,56855,255,1/0/00,Corporate Auto,Luxury SUV,1836
197,ZW25874,Oregon,Male,Bachelor,252155.57,53703,67,1/2/00,Special Auto,Four-Door Car,67
198,EH41854,WA,Female,High School or Below,2370611.34,0,96,1/1/00,Personal Auto,Two-Door Car,844
199,MW70227,California,Male,College,604702.52,20396,76,1/1/00,Personal Auto,Four-Door Car,364
200,SL22297,California,Female,Master,1114030.25,27679,150,1/0/00,Personal Auto,SUV,722
201,RV14138,Nevada,Female,Bachelor,433406.41,23904,123,1/3/00,Personal Auto,SUV,590
202,UO62808,Arizona,Female,High School or Below,279974.79,65351,69,1/0/00,Corporate Auto,Four-Door Car,481
203,ZX64745,California,Male,College,792313.66,0,113,1/0/00,Personal Auto,SUV,1124
204,FL34139,California,Male,High School or Below,368811.09,0,63,1/3/00,Personal Auto,Four-Door Car,669
205,TS11219,California,Male,College,1206745.60,0,116,1/0/00,Personal Auto,SUV,1284
206,XX12304,California,Female,College,292497.67,64459,72,1/0/00,Personal Auto,Four-Door Car,240
207,SD64087,California,Male,College,1501409.27,32961,190,1/0/00,Corporate Auto,SUV,912
208,OY38576,Oregon,Female,High School or Below,927723.38,71416,116,1/0/00,Corporate Auto,SUV,556
209,BG76355,WA,Female,Bachelor,627412.39,68964,78,1/0/00,Personal Auto,Four-Door Car,115
210,IP66913,Cali,Male,High School or Below,388664.74,78108,98,1/0/00,Personal Auto,Two-Door Car,470
211,LE95702,Cali,Male,College,438627.76,10621,67,1/0/00,Special Auto,Four-Door Car,321
212,KX54357,WA,Male,College,1136526.77,84910,95,1/0/00,Corporate Auto,Two-Door Car,383
213,EZ78112,Cali,Female,High School or Below,561096.43,77493,70,1/0/00,Special Auto,Four-Door Car,307
214,XN16891,Arizona,Male,College,291289.20,81097,74,1/0/00,Personal Auto,Four-Door Car,355
215,XK31350,Oregon,Female,College,691572.99,96610,85,1/0/00,Corporate Auto,Four-Door Car,520
216,CC30924,Oregon,Male,College,626266.33,30110,159,1/0/00,Corporate Auto,Sports Car,466
217,IT78748,Oregon,Female,High School or Below,650339.70,22081,84,1/0/00,Special Auto,Two-Door Car,451
218,KY33386,WA,Female,High School or Below,800739.94,0,112,1/0/00,Personal Auto,Sports Car,537
219,CO44221,Cali,Male,College,292991.65,98473,72,1/0/00,Personal Auto,Four-Door Car,345
220,LK60013,Oregon,Female,Bachelor,596955.30,97431,74,1/0/00,Personal Auto,Four-Door Car,355
221,DE21533,Cali,Male,Bachelor,547315.99,93870,69,1/0/00,Personal Auto,Four-Door Car,331
222,YS94121,Nevada,Male,High School or Below,564539.67,50366,72,1/0/00,Personal Auto,Four-Door Car,428
223,UK68427,WA,Male,High School or Below,636926.24,34498,83,1/0/00,Personal Auto,Two-Door Car,398
224,TE49565,Oregon,Female,College,1183376.73,16552,103,1/0/00,Personal Auto,SUV,494
225,RA88421,Oregon,Female,College,612110.79,26787,77,1/0/00,Personal Auto,Four-Door Car,369
226,KQ51983,Nevada,Male,College,515936.97,0,74,1/0/00,Personal Auto,Two-Door Car,831
227,CD88896,Nevada,Female,High School or Below,251459.20,43860,65,1/0/00,Corporate Auto,Four-Door Car,156
228,YV22553,Arizona,Male,High School or Below,866861.13,21474,114,1/2/00,Corporate Auto,SUV,373
229,WU14435,Cali,Male,Bachelor,496096.54,18174,66,1/0/00,Corporate Auto,Four-Door Car,395
230,XV84099,Arizona,Female,Bachelor,550413.90,0,73,1/0/00,Corporate Auto,Four-Door Car,350
233,HI14283,Oregon,Female,Bachelor,565703.16,0,152,1/0/00,Personal Auto,SUV,729
236,TX17484,Cali,Female,Bachelor,1518227.98,53863,63,1/0/00,Personal Auto,Four-Door Car,105
239,DE55857,WA,Female,Bachelor,246544.49,64997,63,1/1/00,Personal Auto,Four-Door Car,383
240,LF66923,Nevada,Female,High School or Below,534312.13,64460,66,1/0/00,Corporate Auto,Two-Door Car,316
241,CN24514,Arizona,Female,College,811982.91,46618,67,1/0/00,Personal Auto,Four-Door Car,99
242,UW32074,Oregon,Female,College,460526.52,0,64,1/0/00,Corporate Auto,Four-Door Car,307
244,PP40919,Cali,Female,College,237653.35,0,91,1/5/00,Personal Auto,Two-Door Car,436
245,RO73268,Cali,Male,Bachelor,321107.00,16269,86,1/0/00,Corporate Auto,Two-Door Car,412
246,HO61691,Arizona,Female,Bachelor,509452.23,72006,64,1/0/00,Personal Auto,Four-Door Car,307
247,BS13062,Arizona,Female,High School or Below,2575527.82,0,81,1/2/00,Personal Auto,Four-Door Car,388
248,FO35655,Oregon,Male,Bachelor,867222.97,0,245,1/0/00,Corporate Auto,Luxury SUV,2345
249,HR10526,Cali,Male,Master,804473.07,44320,67,1/0/00,Personal Auto,Four-Door Car,321
250,IA63417,Arizona,Female,High School or Below,400151.91,19782,108,1/0/00,Personal Auto,Two-Door Car,773
251,BH35016,Nevada,Female,Bachelor,1670611.70,63933,70,1/0/00,Personal Auto,Two-Door Car,424
252,PK52952,Arizona,Male,Doctor,854441.11,28224,109,1/0/00,Personal Auto,SUV,523
253,OD76309,WA,Female,College,780531.29,21073,106,1/1/00,Personal Auto,SUV,508
254,IL28481,Oregon,Male,Bachelor,611275.69,63243,77,1/0/00,Personal Auto,Four-Door Car,364
255,GY55092,Nevada,Male,High School or Below,477294.38,20993,133,1/0/00,Personal Auto,SUV,638
256,UF33451,Oregon,Female,Bachelor,1097909.56,94827,135,1/0/00,Personal Auto,SUV,354
257,CF15558,Cali,Female,Master,500426.38,39161,63,1/1/00,Personal Auto,Two-Door Car,283
258,JM62924,WA,Male,Bachelor,1322304.38,37534,84,1/2/00,Personal Auto,Four-Door Car,403
259,EM66435,Oregon,Female,Bachelor,262331.54,80210,65,1/0/00,Corporate Auto,Four-Door Car,20
260,QX45933,Cali,Male,Bachelor,1784019.56,0,62,1/0/00,Personal Auto,Four-Door Car,385
261,JI71369,Cali,Female,College,510611.18,30110,64,1/0/00,Personal Auto,Four-Door Car,140
262,JU93290,Arizona,Female,College,1793060.45,21708,68,1/0/00,Personal Auto,Four-Door Car,326
263,GU66096,Arizona,Male,High School or Below,545734.26,94731,67,1/0/00,Personal Auto,Four-Door Car,321
264,UC33108,Cali,Male,Bachelor,656364.41,32375,83,1/0/00,Personal Auto,Four-Door Car,398
265,LW93867,Oregon,Male,College,481252.52,16531,63,1/0/00,Corporate Auto,Four-Door Car,102
266,OU78470,Arizona,Female,Master,2932804.19,32006,94,1/0/00,Corporate Auto,Four-Door Car,56
267,XW90265,Arizona,Female,Bachelor,577352.07,81676,72,1/0/00,Personal Auto,Two-Door Car,463
268,HS67749,Cali,Male,College,684711.89,71038,86,1/0/00,Corporate Auto,Four-Door Car,205
269,VZ51506,Arizona,Female,High School or Below,359531.29,0,103,1/0/00,Corporate Auto,Sports Car,741
270,UI64281,Nevada,Female,Master,2285561.21,20832,65,1/0/00,Personal Auto,Two-Door Car,56
271,AE98193,WA,Male,High School or Below,785941.46,0,113,1/0/00,Personal Auto,SUV,813
272,AZ74055,Oregon,Male,High School or Below,411557.74,52405,103,1/0/00,Personal Auto,Four-Door Car,494
273,XS76911,Arizona,Female,High School or Below,502963.88,0,133,1/0/00,Personal Auto,Sports Car,795
274,AY40674,WA,Female,Bachelor,482141.85,26583,1005,1/4/00,Personal Auto,SUV,614
275,NA12740,Oregon,Male,Master,500431.05,25486,65,1/0/00,Special Auto,Two-Door Car,72
276,UA84837,Arizona,Male,College,863005.39,24065,111,1/0/00,Corporate Auto,Four-Door Car,532
277,DJ51510,Arizona,Female,High School or Below,932208.51,70435,116,1/0/00,Personal Auto,Four-Door Car,67
278,VM58985,Cali,Male,College,1672756.06,0,76,1/2/00,Personal Auto,Two-Door Car,402
279,OH60605,Oregon,Female,High School or Below,365253.24,39679,92,1/0/00,Personal Auto,Two-Door Car,641
280,UO98052,Nevada,Male,College,615860.12,0,89,1/0/00,Personal Auto,Four-Door Car,342
281,NC53424,Cali,Male,Bachelor,437608.40,0,69,1/4/00,Personal Auto,Two-Door Car,331
282,LQ13873,Nevada,Male,High School or Below,556945.62,53565,71,1/1/00,Personal Auto,Four-Door Car,340
283,LA97014,WA,Male,Bachelor,257651.30,37574,66,1/1/00,Personal Auto,Two-Door Car,412
284,NB79936,WA,Male,Bachelor,834698.32,48259,108,1/0/00,Personal Auto,Two-Door Car,73
285,NT89061,Arizona,Female,High School or Below,632392.39,78532,78,1/0/00,Personal Auto,Four-Door Car,374
286,AF10970,Arizona,Female,Bachelor,597314.34,96163,73,1/0/00,Corporate Auto,Four-Door Car,350
287,ZG48513,Cali,Male,Bachelor,470667.70,0,72,1/0/00,Personal Auto,Four-Door Car,345
290,JT52858,Oregon,Female,Bachelor,902786.72,99002,112,1/1/00,Personal Auto,Four-Door Car,537
293,RH42306,Arizona,Female,Bachelor,499206.30,0,71,1/0/00,Corporate Auto,Four-Door Car,653
294,US23612,Oregon,Female,High School or Below,910226.78,26049,118,1/0/00,Personal Auto,Two-Door Car,121
297,MF82000,WA,Female,Bachelor,236534.86,0,66,1/2/00,Special Auto,Four-Door Car,159
300,RF61565,California,Male,College,263697.77,31911,67,1/0/00,Personal Auto,Four-Door Car,321
301,IM94808,Nevada,Male,Bachelor,539583.20,70051,68,1/0/00,Corporate Auto,Four-Door Car,42
302,VI14730,Oregon,Male,High School or Below,838263.01,19683,117,1/1/00,Personal Auto,Sports Car,561
303,YR34119,WA,Female,College,3116174.52,30916,112,1/0/00,Personal Auto,SUV,200
304,RR77985,Oregon,Female,Bachelor,288774.23,0,80,1/0/00,Personal Auto,Four-Door Car,676
305,QD28391,Washington,Male,College,742584.53,84302,62,1/0/00,Personal Auto,Four-Door Car,76
306,WV17090,California,Male,Bachelor,2558572.78,0,116,1/0/00,Corporate Auto,SUV,830
307,TM23514,Oregon,Male,College,1027260.82,60145,132,1/0/00,Personal Auto,SUV,580
308,MQ68407,Oregon,Female,Bachelor,437636.36,63774,111,1/0/00,Personal Auto,Four-Door Car,60
309,GJ59592,California,Female,Bachelor,531889.66,25134,67,1/0/00,Corporate Auto,Four-Door Car,321
310,FY56083,Oregon,Male,Bachelor,471976.22,37057,61,1/1/00,Personal Auto,Four-Door Car,47
311,UA94723,Oregon,Female,High School or Below,442803.16,58577,110,1/0/00,Personal Auto,SUV,303
312,FW91032,California,Male,High School or Below,587917.61,85857,73,1/0/00,Corporate Auto,Four-Door Car,100
313,DE34457,Oregon,Female,Doctor,941690.85,70602,116,1/0/00,Personal Auto,SUV,481
314,HD32044,Oregon,Female,Master,828815.56,33816,106,1/2/00,Corporate Auto,Four-Door Car,508
315,HH30454,Oregon,Male,Bachelor,3265483.83,0,153,1/0/00,Personal Auto,SUV,1101
316,AH84063,Oregon,Female,College,471945.01,89642,121,1/4/00,Corporate Auto,SUV,86
317,QA17596,California,Female,Bachelor,390347.48,60068,98,1/0/00,Personal Auto,Two-Door Car,470
318,XI41052,California,Female,Bachelor,545725.97,50044,139,1/0/00,Personal Auto,SUV,667
319,DI30528,California,Female,Master,272535.64,36650,69,1/1/00,Personal Auto,Four-Door Car,56
320,SC66359,Arizona,Female,College,443397.37,50653,110,1/0/00,Corporate Auto,SUV,262
321,EN61670,Arizona,Female,Doctor,533246.27,68931,66,1/0/00,Personal Auto,Four-Door Car,309
322,DQ10761,Oregon,Male,Bachelor,231509.50,0,73,1/1/00,Corporate Auto,Four-Door Car,350
323,BQ51587,California,Female,College,541195.37,0,73,1/0/00,Personal Auto,Four-Door Car,365
324,JE21522,California,Male,Bachelor,958733.23,39266,80,1/0/00,Personal Auto,Four-Door Car,384
325,WS47147,California,Male,College,2210350.72,0,102,1/0/00,Personal Auto,SUV,489
326,ZA64638,Nevada,Female,High School or Below,976494.53,0,98,1/1/00,Personal Auto,Four-Door Car,705
327,EW38459,Nevada,Female,Bachelor,256715.15,40864,65,1/0/00,Corporate Auto,Four-Door Car,9
328,QW87316,Oregon,Female,College,265062.28,39035,68,1/0/00,Personal Auto,Four-Door Car,244
329,IC43478,California,Male,Bachelor,1126436.33,34923,98,1/0/00,Personal Auto,Two-Door Car,639
330,TE34064,California,Male,High School or Below,216852.35,0,63,1/0/00,Personal Auto,Four-Door Car,453
331,WU60905,California,Female,High School or Below,861066.75,0,111,1/0/00,Corporate Auto,SUV,532
332,YM18992,California,Female,College,283464.62,24506,71,1/0/00,Personal Auto,Two-Door Car,511
333,PD55753,Oregon,Male,High School or Below,893013.97,0,82,1/0/00,Personal Auto,Four-Door Car,554
334,KU56006,Arizona,Female,College,553638.70,52220,70,1/1/00,Personal Auto,Four-Door Car,336
335,MJ69973,Arizona,Male,High School or Below,284085.43,0,74,1/0/00,Personal Auto,Two-Door Car,402
336,TW43626,California,Male,College,808288.10,53554,67,1/0/00,Personal Auto,Four-Door Car,327
337,XX84133,California,Male,Bachelor,525473.43,34476,67,1/1/00,Corporate Auto,Four-Door Car,5
338,ZW84453,Arizona,Female,Bachelor,511623.76,0,70,1/0/00,Personal Auto,Four-Door Car,131
339,HO29524,California,Male,College,303464.70,68205,76,1/0/00,Personal Auto,Two-Door Car,99
340,VE89726,California,Female,High School or Below,802489.99,0,119,1/1/00,Personal Auto,SUV,856
341,GE87503,California,Male,High School or Below,1821114.32,53690,154,1/0/00,Personal Auto,SUV,739
342,PX90263,Oregon,Male,High School or Below,512156.33,0,72,1/0/00,Personal Auto,Four-Door Car,518
343,NI17718,California,Female,High School or Below,215017.86,0,61,1/0/00,Personal Auto,Four-Door Car,292
344,FY32213,California,Female,High School or Below,559538.99,74454,71,1/0/00,Personal Auto,Four-Door Car,340
345,RZ13254,Nevada,Female,Bachelor,756282.40,0,73,1/0/00,Personal Auto,Four-Door Car,350
346,GN45013,Oregon,Male,High School or Below,538585.32,29664,71,1/0/00,Personal Auto,Four-Door Car,340
347,NM39588,Washington,Female,Doctor,267805.83,72450,66,1/0/00,Corporate Auto,Four-Door Car,84
348,KU84464,Nevada,Female,Bachelor,942256.79,47272,79,1/3/00,Personal Auto,Four-Door Car,64
349,YH43527,Oregon,Female,College,360586.03,21585,92,1/0/00,Corporate Auto,Four-Door Car,441
350,RO30676,California,Female,College,776259.06,23827,106,1/2/00,Personal Auto,Four-Door Car,37
351,QL59704,Arizona,Female,College,2344490.05,69906,74,1/2/00,Corporate Auto,Four-Door Car,202
352,QH19450,California,Female,High School or Below,255817.82,0,72,1/0/00,Corporate Auto,Four-Door Car,345
353,SA54664,Washington,Male,Master,265438.10,73196,66,1/1/00,Personal Auto,Four-Door Car,85
354,CI38330,Washington,Male,Bachelor,254978.61,72217,6464,1/0/00,Personal Auto,Four-Door Car,91
355,WB38524,California,Male,High School or Below,296959.33,46131,74,1/0/00,Personal Auto,Two-Door Car,355
356,CE56187,Oregon,Female,Master,436312.46,54514,109,1/3/00,Personal Auto,SUV,286
357,JL19416,California,Female,High School or Below,588430.86,0,161,1/0/00,Personal Auto,SUV,1159
358,JZ61422,Nevada,Female,College,527219.16,96668,66,1/0/00,Personal Auto,Four-Door Car,316
359,LA13377,California,Male,Doctor,550989.57,78879,69,1/1/00,Personal Auto,Four-Door Car,466
360,NC99948,Nevada,Male,College,1631368.35,0,69,1/0/00,Personal Auto,Four-Door Car,331
361,QD34785,Arizona,Female,Bachelor,567805.02,0,76,1/0/00,Personal Auto,Four-Door Car,364
362,RO26085,California,Female,Bachelor,1210120.88,0,112,1/0/00,Personal Auto,Sports Car,1252
363,ES57969,Oregon,Male,Bachelor,245357.08,29735,69,1/0/00,Personal Auto,Four-Door Car,331
364,JK55587,California,Male,High School or Below,507566.27,23082,65,1/0/00,Special Auto,Four-Door Car,312
365,RN97635,Arizona,Male,Bachelor,321497.94,53984,80,1/0/00,Corporate Auto,Four-Door Car,421
366,BI76326,California,Female,College,1227534.31,52135,156,1/0/00,Personal Auto,SUV,430
367,JA34909,California,Female,College,272221.07,17576,71,1/0/00,Corporate Auto,Four-Door Car,398
368,OJ90342,Oregon,Female,Bachelor,245744.09,29486,62,1/0/00,Personal Auto,Four-Door Car,7
369,CM88932,Oregon,Female,Master,355484.53,58557,88,1/0/00,Corporate Auto,Four-Door Car,55
370,JJ97525,California,Male,Bachelor,492954.97,25632,63,1/0/00,Personal Auto,Two-Door Car,351
371,XV21647,California,Female,High School or Below,803645.03,0,112,1/0/00,Personal Auto,Sports Car,806
372,MC83487,Arizona,Male,Bachelor,427691.53,18768,68,1/3/00,Corporate Auto,Four-Door Car,647
373,BL90769,California,Female,Bachelor,3347334.95,33190,106,1/0/00,Personal Auto,SUV,508
374,CR57148,Oregon,Female,Master,596058.14,47945,74,1/0/00,Personal Auto,Two-Door Car,128
375,CP85232,Arizona,Male,College,4479546.94,58778,126,1/0/00,Special Auto,SUV,302
376,YL74732,California,Female,High School or Below,383211.81,15192,100,1/0/00,Personal Auto,SUV,480
377,FG16766,California,Female,Bachelor,683793.26,51859,171,1/0/00,Personal Auto,SUV,1003
378,NV55438,Nevada,Female,High School or Below,528526.82,23422,72,1/0/00,Personal Auto,Two-Door Car,518
379,RM10880,California,Female,College,309651.12,21604,79,1/0/00,Corporate Auto,Four-Door Car,379
380,GL56175,Arizona,Male,College,358971.07,79298,90,1/0/00,Personal Auto,Four-Door Car,244
381,UK52289,Arizona,Female,Bachelor,258240.85,76731,64,1/0/00,Special Auto,Four-Door Car,201
382,OT85112,Washington,Male,College,340391.94,38460,88,1/1/00,Personal Auto,Four-Door Car,91
383,BC62782,Arizona,Female,College,1357567.60,48534,115,1/1/00,Personal Auto,SUV,552
384,TI19722,Washington,Male,Doctor,343613.43,30817,88,1/0/00,Corporate Auto,Four-Door Car,91
385,JP30654,Oregon,Female,College,2868582.79,48412,104,1/0/00,Personal Auto,SUV,707
386,UM45563,Washington,Male,Bachelor,450267.97,68798,114,1/0/00,Personal Auto,SUV,92
387,EN60878,Oregon,Male,Bachelor,618311.15,23712,85,1/0/00,Personal Auto,Four-Door Car,376
388,JF36291,California,Male,College,387364.70,28142,105,1/0/00,Personal Auto,Sports Car,701
389,BK59444,California,Female,Master,1892933.06,72196,68,1/0/00,Personal Auto,Four-Door Car,152
390,MK70700,California,Male,Master,555329.58,68197,69,1/0/00,Personal Auto,Four-Door Car,176
391,IW71076,California,Male,Bachelor,501125.92,75248,63,1/0/00,Corporate Auto,Four-Door Car,104
392,AP98768,California,Female,College,1044244.63,0,98,1/0/00,Personal Auto,Four-Door Car,941
393,OM24164,Nevada,Male,Bachelor,219961.78,0,65,1/1/00,Personal Auto,Two-Door Car,468
394,HR85211,Washington,Female,Master,512317.09,89879,63,1/0/00,Personal Auto,Two-Door Car,94
395,VC87846,Oregon,Male,High School or Below,748431.05,46998,96,1/0/00,Corporate Auto,Four-Door Car,460
396,ZM92052,Oregon,Male,Bachelor,261302.31,57099,67,1/0/00,Personal Auto,Two-Door Car,67
397,ON73702,Arizona,Female,Bachelor,908063.97,33897,114,1/0/00,Corporate Auto,SUV,539
398,QQ90441,Nevada,Female,High School or Below,1377097.62,59207,116,1/0/00,Personal Auto,Four-Door Car,556
399,HU35721,Oregon,Male,High School or Below,287682.29,40171,73,1/0/00,Personal Auto,Four-Door Car,350
400,YP47665,Washington,Male,Doctor,540891.15,80192,67,1/0/00,Personal Auto,Four-Door Car,95
401,FU99476,Washington,Male,High School or Below,677030.68,74422,85,1/1/00,Personal Auto,Four-Door Car,95
402,AG85615,Oregon,Male,College,2414387.56,0,87,1/0/00,Special Auto,Four-Door Car,626
403,OY74069,Arizona,Female,College,353805.95,0,67,1/5/00,Personal Auto,Four-Door Car,321
404,DJ91267,Nevada,Female,Bachelor,2909123.94,34226,244,1/0/00,Personal Auto,Luxury SUV,494
405,KB72438,California,Female,High School or Below,1983420.12,65989,123,1/1/00,Personal Auto,SUV,115
406,TR67616,Oregon,Male,High School or Below,473136.70,30686,61,1/0/00,Corporate Auto,Four-Door Car,19
407,GF65731,California,Female,Master,3553784.60,0,113,1/0/00,Personal Auto,Sports Car,799
408,HB67642,Arizona,Female,High School or Below,3461137.90,20090,109,1/0/00,Personal Auto,Sports Car,523
409,DP84567,California,Male,High School or Below,2021630.88,0,183,1/0/00,Personal Auto,Luxury SUV,878
410,VV77534,Oregon,Male,College,1397651.93,77094,176,1/0/00,Personal Auto,SUV,444
411,GL67540,California,Female,College,590408.82,97413,73,1/0/00,Personal Auto,Four-Door Car,268
412,SV50502,Oregon,Female,Master,559583.50,79189,69,1/0/00,Corporate Auto,Four-Door Car,331
413,UK59698,California,Female,High School or Below,229430.36,0,62,1/0/00,Personal Auto,Two-Door Car,297
414,OA57352,Arizona,Female,College,627391.19,18577,86,1/0/00,Personal Auto,Four-Door Car,412
415,ZF84449,Oregon,Female,College,372672.80,0,112,1/1/00,Special Auto,Sports Car,806
416,AX86150,Washington,Male,High School or Below,265671.31,62777,67,1/0/00,Personal Auto,Two-Door Car,101
421,SW31412,Oregon,Female,College,1480805.62,41440,62,1/1/00,Personal Auto,Four-Door Car,297
423,RE81445,Oregon,Female,College,573459.82,98132,71,1/0/00,Personal Auto,Two-Door Car,50
424,RM24280,Oregon,Female,High School or Below,417769.70,0,112,1/0/00,Personal Auto,Four-Door Car,537
426,UX38930,Arizona,Female,Master,1036434.75,58327,129,1/0/00,Personal Auto,SUV,347
430,MT41386,Washington,Male,Bachelors,287543.24,84768,72,1/0/00,Personal Auto,Two-Door Car,110
431,WZ40465,Washington,Female,Bachelor,504129.96,36234,63,1/0/00,Personal Auto,Four-Door Car,113
433,JB50798,Oregon,Female,Master,962452.44,25629,124,1/2/00,Corporate Auto,Sports Car,595
434,IP69763,Washington,Female,College,2191440.55,77311,181,1/0/00,Personal Auto,SUV,113
436,HX74855,Washington,Male,High School or Below,247152.84,95697,61,1/0/00,Personal Auto,Two-Door Car,114
437,QN65180,Oregon,Female,Bachelor,2190391.36,22254,79,1/0/00,Personal Auto,Four-Door Car,125
439,VQ38776,Oregon,Female,College,530375.95,0,76,1/0/00,Personal Auto,Four-Door Car,395
440,BH86846,Washington,Male,High School or Below,2070825.88,92079,65,1/1/00,Corporate Auto,Four-Door Car,114
443,QG45324,Oregon,Female,High School or Below,820486.32,0,73,1/0/00,Personal Auto,Four-Door Car,350
444,MN61620,Arizona,Female,College,987729.57,67752,131,1/4/00,Personal Auto,Sports Car,168
445,YH86390,California,Female,Bachelor,481500.97,25398,64,1/0/00,Corporate Auto,Four-Door Car,307
447,YH61661,California,Male,High School or Below,826063.98,33321,105,1/0/00,Special Auto,SUV,504
448,NL93182,Nevada,Male,Bachelor,254945.00,0,78,1/0/00,Corporate Auto,Four-Door Car,845
450,WE68644,Oregon,Female,Bachelor,380392.18,20325,100,1/0/00,Personal Auto,Sports Car,668
451,EZ30498,Oregon,Male,Bachelor,863540.35,13129,117,1/0/00,Personal Auto,SUV,700
452,QY74517,Oregon,Female,High School or Below,551055.90,0,73,1/0/00,Personal Auto,Four-Door Car,525
453,NM88660,Nevada,Male,Master,358588.41,49080,91,1/0/00,Corporate Auto,Four-Door Car,25
454,MZ82036,Nevada,Male,College,488925.28,42536,63,1/0/00,Personal Auto,Four-Door Car,375
455,ID20929,Oregon,Male,Bachelor,275694.17,29926,74,1/0/00,Corporate Auto,Four-Door Car,418
456,EY50028,Nevada,Male,Doctor,328954.74,0,86,1/0/00,Corporate Auto,Two-Door Car,398
457,TT82373,California,Female,Bachelor,1093717.85,21450,138,1/0/00,Personal Auto,Sports Car,938
458,OH64088,California,Male,High School or Below,737556.79,33345,65,1/0/00,Corporate Auto,Four-Door Car,338
459,SK97780,California,Female,Bachelor,1011077.82,15752,90,1/0/00,Corporate Auto,Two-Door Car,339
460,IO33050,Oregon,Female,High School or Below,511941.43,40169,65,1/1/00,Personal Auto,Four-Door Car,302
461,XA55917,California,Female,College,853383.20,26049,113,1/1/00,Personal Auto,SUV,619
462,JK32620,Nevada,Male,College,222476.80,0,68,1/0/00,Personal Auto,Four-Door Car,326
463,RQ19236,Arizona,Male,Doctor,804280.38,55411,100,1/0/00,Personal Auto,Sports Car,259
464,QC47433,Oregon,Male,College,255443.71,12459,70,1/0/00,Personal Auto,Four-Door Car,336
465,RA93608,Oregon,Male,Bachelor,1807394.00,64620,76,1/1/00,Personal Auto,Two-Door Car,364
466,XH97711,California,Male,Bachelor,243050.66,83140,61,1/0/00,Corporate Auto,Four-Door Car,179
467,AU96286,Oregon,Female,Bachelor,316765.84,0,92,1/0/00,Corporate Auto,Four-Door Car,662
468,KC17170,Arizona,Female,Bachelor,546560.40,54422,68,1/0/00,Corporate Auto,Four-Door Car,75
469,ZN47335,California,Male,College,1035751.42,68309,131,1/0/00,Corporate Auto,SUV,306
470,EI46264,California,Male,High School or Below,253781.39,56621,65,1/2/00,Personal Auto,Four-Door Car,84
471,EK87864,Arizona,Female,College,282194.72,38977,70,1/0/00,Special Auto,Four-Door Car,139
472,GV45403,AZ,Male,Bachelor,775712.81,0,111,1/0/00,Corporate Auto,Two-Door Car,607
473,QK31192,AZ,Male,High School or Below,407913.27,0,114,1/0/00,Corporate Auto,Two-Door Car,631
474,LU89008,AZ,Female,College,595554.46,0,83,1/0/00,Personal Auto,Four-Door Car,628
475,NS10490,Oregon,Female,Bachelor,1415861.36,83235,70,1/0/00,Personal Auto,Two-Door Car,336
476,KL98495,Nevada,Male,College,848723.80,0,74,1/0/00,Personal Auto,Two-Door Car,426
477,IU96845,AZ,Male,College,628547.69,32390,80,1/0/00,Personal Auto,Four-Door Car,91
478,QL93655,Oregon,Female,High School or Below,1147348.15,66538,95,1/0/00,Personal Auto,Two-Door Car,317
479,PF40592,Washington,Female,College,494263.06,23285,65,1/0/00,Personal Auto,Two-Door Car,118
480,LZ34046,Oregon,Male,Bachelor,2359468.02,76358,66,1/0/00,Personal Auto,Four-Door Car,86
481,JC80093,Washington,Male,Master,257250.66,21104,66,1/0/00,Personal Auto,Four-Door Car,118
482,YE88490,AZ,Female,College,538089.86,55350,67,1/0/00,Personal Auto,Four-Door Car,321
483,YC80498,California,Female,College,477055.09,12964,65,1/0/00,Personal Auto,Two-Door Car,362
484,AI85843,AZ,Female,Master,675665.14,33288,86,1/2/00,Personal Auto,Four-Door Car,221
485,XD66024,AZ,Female,College,593601.18,0,84,1/0/00,Personal Auto,Four-Door Car,980
486,FY51713,AZ,Female,Bachelor,357076.05,56168,88,1/0/00,Personal Auto,Four-Door Car,614
487,PH26378,California,Male,College,601996.05,0,92,1/0/00,Personal Auto,Four-Door Car,662
488,WQ18638,Oregon,Male,High School or Below,542686.40,23105,69,1/0/00,Personal Auto,Two-Door Car,331
489,KY14688,Oregon,Female,Master,273031.38,36218,68,1/0/00,Personal Auto,Four-Door Car,145
490,TC97762,California,Female,High School or Below,498268.14,52275,62,1/0/00,Corporate Auto,Four-Door Car,374
491,QC87108,Oregon,Female,College,876926.68,49665,74,1/0/00,Personal Auto,Four-Door Car,355
492,CX12134,Nevada,Male,High School or Below,422061.35,32471,110,1/0/00,Personal Auto,Two-Door Car,528
493,SM73248,AZ,Male,High School or Below,1153750.51,0,86,1/1/00,Corporate Auto,Two-Door Car,619
494,CK19789,California,Female,Master,588718.20,62773,73,1/0/00,Personal Auto,Four-Door Car,80
495,UV12583,California,Female,College,470058.38,76694,117,1/0/00,Personal Auto,SUV,561
496,JC11405,Oregon,Male,High School or Below,1096395.72,55687,276,1/0/00,Personal Auto,Luxury SUV,1324
497,KA89683,AZ,Female,High School or Below,252317.12,0,70,1/0/00,Personal Auto,Four-Door Car,504
498,BG85305,Nevada,Male,Doctor,375780.47,36633,96,1/1/00,Personal Auto,Four-Door Car,460
499,UQ87917,Oregon,Male,High School or Below,1294173.35,77060,106,1/0/00,Personal Auto,SUV,468
500,XN11823,Nevada,Female,Bachelor,376446.51,92600,94,1/0/00,Corporate Auto,Two-Door Car,842
501,OS46571,California,Male,High School or Below,688955.70,0,66,1/0/00,Personal Auto,Four-Door Car,475
502,PX17116,Nevada,Male,College,362345.42,0,111,1/2/00,Corporate Auto,SUV,1171
503,RP19541,AZ,Male,College,758211.38,64801,64,1/0/00,Personal Auto,Four-Door Car,268
504,ZR25747,Oregon,Female,College,827774.56,45257,103,1/0/00,Corporate Auto,Two-Door Car,494
505,NQ86532,California,Male,High School or Below,257645.56,26854,66,1/0/00,Personal Auto,Four-Door Car,475
506,JY27336,Oregon,Female,College,820538.79,85840,102,1/2/00,Corporate Auto,SUV,138
507,PB54378,Oregon,Female,Doctor,1958246.89,26463,72,1/0/00,Corporate Auto,Four-Door Car,345
508,SV38190,Nevada,Female,Bachelor,648152.66,30689,81,1/0/00,Personal Auto,Four-Door Car,467
509,CV24005,Oregon,Male,High School or Below,259931.09,29590,66,1/0/00,Corporate Auto,Two-Door Car,467
510,EX28656,Oregon,Female,College,983033.76,25965,253,1/0/00,Personal Auto,Luxury SUV,1214
511,CF57022,Oregon,Male,Bachelor,1044265.14,17269,139,1/0/00,Personal Auto,SUV,667
512,GM16780,Oregon,Male,College,3605753.70,90330,137,1/3/00,Corporate Auto,Sports Car,192
513,BX94438,California,Female,High School or Below,847003.68,0,113,1/0/00,Corporate Auto,SUV,619
514,RM41745,California,Female,High School or Below,827878.65,0,110,1/0/00,Personal Auto,Four-Door Car,1002
515,XR70252,California,Female,High School or Below,478893.26,0,67,1/1/00,Personal Auto,Two-Door Car,321
516,YH92099,AZ,Female,Bachelor,308799.99,18558,80,1/0/00,Special Auto,Four-Door Car,384
517,SG81493,Arizona,Male,Bachelor,444373.62,46384,113,1/0/00,Corporate Auto,Four-Door Car,251
518,ZX23819,Oregon,Female,High School or Below,798408.65,0,72,1/0/00,Personal Auto,Two-Door Car,866
519,FJ54907,Oregon,Female,College,718097.10,42303,180,1/0/00,Personal Auto,Luxury SUV,1210
520,CU26127,California,Female,Bachelor,1565603.43,71731,130,1/0/00,Corporate Auto,SUV,599
521,YH60476,Oregon,Male,High School or Below,578018.22,51066,74,1/0/00,Corporate Auto,Four-Door Car,787
522,ZZ97035,California,Male,College,2071494.04,0,203,1/0/00,Corporate Auto,Luxury Car,2027
523,GE82737,Nevada,Female,Bachelor,533735.24,0,86,1/3/00,Personal Auto,Four-Door Car,619
524,KY21873,Arizona,Male,College,505082.62,0,69,1/0/00,Personal Auto,Two-Door Car,72
525,UA51318,Arizona,Female,High School or Below,511662.40,26173,68,1/1/00,Corporate Auto,Four-Door Car,449
526,BV55014,Oregon,Male,Bachelor,726873.70,24445,63,1/0/00,Personal Auto,Two-Door Car,302
529,CR92802,California,Female,Master,272535.64,36650,69,1/1/00,Special Auto,Four-Door Car,56
531,RD62882,Arizona,Female,Bachelor,684615.03,0,95,1/0/00,Personal Auto,Two-Door Car,456
533,BT30554,Arizona,Female,Bachelor,1034632.45,0,98,1/0/00,Personal Auto,Four-Door Car,470
534,VP57424,Nevada,Female,Bachelor,699700.86,55873,88,1/0/00,Personal Auto,Four-Door Car,299
535,VU19243,Arizona,Female,High School or Below,419625.77,18052,111,1/0/00,Personal Auto,Four-Door Car,699
536,TA82973,Oregon,Female,High School or Below,785810.98,28937,104,1/2/00,Personal Auto,SUV,117
537,GK71720,Oregon,Female,High School or Below,606434.40,0,86,1/0/00,Personal Auto,Four-Door Car,545
540,JQ56711,Oregon,Female,Master,592311.72,92163,73,1/0/00,Personal Auto,Two-Door Car,66
542,QP84605,Washington,Female,Bachelor,870984.53,41546,111,1/0/00,Corporate Auto,Four-Door Car,121
544,IB87349,California,Male,High School or Below,452850.49,70340,113,1/0/00,Special Auto,Four-Door Car,542
545,AW73065,Oregon,Female,High School or Below,279190.65,0,74,1/0/00,Personal Auto,Four-Door Car,532
546,BW80872,Washington,Male,High School or Below,443441.12,34549,111,1/0/00,Personal Auto,Four-Door Car,125
547,PX70175,Arizona,Male,College,799600.75,93459,99,1/0/00,Personal Auto,Four-Door Car,655
548,KF75098,Arizona,Male,Bachelor,512973.90,86148,65,1/2/00,Personal Auto,Four-Door Car,312
549,IS50283,California,Female,Bachelor,569717.52,27048,72,1/0/00,Corporate Auto,Four-Door Car,345
550,MY64920,Oregon,Female,College,921713.06,73259,115,1/0/00,Personal Auto,SUV,673
551,KN34250,Oregon,Female,College,1020892.76,35482,129,1/0/00,Corporate Auto,SUV,619
552,GN46207,Oregon,Female,Master,417068.73,29462,107,1/1/00,Personal Auto,SUV,513
553,KL57176,Oregon,Female,College,450540.58,67801,115,1/1/00,Personal Auto,SUV,23
554,MN94234,California,Male,High School or Below,310756.86,0,94,1/4/00,Personal Auto,Two-Door Car,451
555,JY90595,Arizona,Male,High School or Below,552866.50,16042,73,1/0/00,Personal Auto,Two-Door Car,350
556,HK26543,California,Male,High School or Below,504586.67,28056,64,1/1/00,Personal Auto,Four-Door Car,307
557,PN86062,California,Male,High School or Below,296272.25,16495,85,1/3/00,Corporate Auto,Four-Door Car,408
558,VW27730,California,Female,Master,866595.64,41163,108,1/0/00,Corporate Auto,SUV,231
559,SH55671,Arizona,Female,College,1141344.12,0,161,1/1/00,Personal Auto,Sports Car,772
560,MO56878,California,Male,Bachelor,1548843.20,33799,109,1/3/00,Corporate Auto,SUV,664
561,VO38365,Washington,Female,College,886114.95,90125,110,1/0/00,Corporate Auto,SUV,128
562,SV35618,Oregon,Female,Bachelor,593474.15,87747,147,1/1/00,Personal Auto,SUV,46
563,RX12347,Nevada,Male,College,354323.21,35695,90,1/0/00,Personal Auto,Four-Door Car,432
564,FR55658,California,Male,Master,349002.83,90985,87,1/0/00,Personal Auto,Four-Door Car,78
565,XS12556,California,Female,College,368309.99,0,101,1/0/00,Corporate Auto,Sports Car,564
566,ZU73588,California,Male,College,598977.39,66839,154,1/0/00,Personal Auto,Sports Car,739
567,WT43034,California,Female,High School or Below,1250084.30,0,165,1/0/00,Personal Auto,SUV,792
568,VM13430,Oregon,Female,Bachelor,860915.82,79090,107,1/0/00,Corporate Auto,SUV,289
569,TC78849,Oregon,Male,Bachelor,249745.51,24825,64,1/0/00,Personal Auto,Two-Door Car,155
570,VC34764,California,Male,College,701917.72,26806,63,1/0/00,Personal Auto,Four-Door Car,302
571,WO90953,Oregon,Female,College,538792.63,56835,67,1/0/00,Personal Auto,Two-Door Car,326
572,IU47468,Oregon,Female,Bachelor,616555.75,0,88,1/0/00,Special Auto,Two-Door Car,653
573,KO46064,California,Male,Bachelor,273020.29,46135,69,1/0/00,Personal Auto,Four-Door Car,103
574,RB34917,Arizona,Female,Bachelor,516211.69,0,73,1/0/00,Personal Auto,Four-Door Car,809
575,BI38192,Oregon,Female,High School or Below,793706.48,22862,67,1/0/00,Personal Auto,Two-Door Car,321
576,PU18983,Oregon,Female,High School or Below,860815.72,21450,110,1/2/00,Personal Auto,Sports Car,528
577,SW79912,Oregon,Male,Bachelor,263254.58,95854,65,1/0/00,Personal Auto,Two-Door Car,312
578,ES39217,Oregon,Female,Bachelor,778500.42,44897,99,1/1/00,Personal Auto,Four-Door Car,580
579,KP72427,Washington,Male,High School or Below,2163983.86,64455,108,1/0/00,Personal Auto,SUV,133
580,UA19178,Oregon,Female,Master,498082.50,53265,62,1/0/00,Personal Auto,Four-Door Car,238
581,PR53785,Arizona,Female,High School or Below,745723.78,0,198,1/1/00,Personal Auto,Luxury Car,1577
582,XF57481,Washington,Male,Master,1064093.93,50450,90,1/0/00,Personal Auto,Two-Door Car,135
583,CN90378,California,Female,High School or Below,686250.83,54780,88,1/3/00,Personal Auto,Four-Door Car,135
584,KI56154,Nevada,Male,High School or Below,904898.34,0,119,1/0/00,Personal Auto,Sports Car,571
585,UI55951,California,Male,Bachelor,554803.19,67798,69,1/0/00,Personal Auto,Four-Door Car,331
586,FF28650,Oregon,Male,Bachelor,831268.16,21442,118,1/0/00,Personal Auto,SUV,566
587,FS55302,California,Male,Bachelor,238998.10,27615,62,1/1/00,Personal Auto,Four-Door Car,297
588,TN79487,California,Male,Bachelor,445811.34,17622,65,1/1/00,Personal Auto,Four-Door Car,312
589,HG32616,Nevada,Male,High School or Below,529574.17,50200,135,1/0/00,Personal Auto,Sports Car,637
590,UK41984,Arizona,Female,Doctor,383960.61,0,112,1/2/00,Personal Auto,SUV,537
591,LZ52266,California,Female,High School or Below,373150.46,0,96,1/0/00,Personal Auto,Four-Door Car,460
592,PM27367,California,Female,Master,277890.37,73570,70,1/1/00,Special Auto,Two-Door Car,75
593,ZK21724,Oregon,Female,High School or Below,401654.20,0,111,1/0/00,Personal Auto,SUV,799
594,BH35482,Washington,Male,Doctor,493094.93,70412,61,1/0/00,Corporate Auto,Two-Door Car,136
595,QE22757,Nevada,Male,Doctor,249131.70,36631,62,1/0/00,Personal Auto,Four-Door Car,67
596,ON77649,Oregon,Female,College,290887.59,35895,73,1/0/00,Personal Auto,Four-Door Car,312
597,RN82884,Arizona,Female,College,428294.80,40864,109,1/1/00,Personal Auto,SUV,166
598,CQ75652,Oregon,Male,College,834162.37,0,118,1/0/00,Personal Auto,Four-Door Car,566
599,FF58467,Arizona,Female,Master,509078.13,93018,63,1/0/00,Personal Auto,Four-Door Car,135
600,BS83666,Oregon,Male,Bachelor,736618.83,70014,62,1/0/00,Corporate Auto,Four-Door Car,17
601,WO29605,Oregon,Female,College,243687.51,48875,61,1/0/00,Personal Auto,Two-Door Car,1
602,TL77607,California,Male,Bachelor,885268.87,67969,74,1/0/00,Personal Auto,Four-Door Car,197
603,EZ50606,Oregon,Female,High School or Below,2387547.68,0,108,1/0/00,Corporate Auto,SUV,612
604,OS39723,Oregon,Female,Doctor,560049.65,68665,69,1/0/00,Personal Auto,Two-Door Car,331
605,FN69743,California,Male,College,463654.65,26802,66,1/1/00,Corporate Auto,Two-Door Car,316
606,XW96958,Nevada,Male,High School or Below,757334.51,0,110,1/0/00,Corporate Auto,Four-Door Car,1193
607,TU92578,California,Male,College,1469663.55,45345,125,1/0/00,Personal Auto,SUV,600
608,TL43709,Washington,Male,Bachelors,897214.03,89689,74,1/0/00,Personal Auto,Four-Door Car,136
609,YE68736,California,Female,Bachelor,772484.01,32051,193,1/1/00,Personal Auto,SUV,926
610,OB96537,Oregon,Male,Master,594667.07,81139,74,1/0/00,Special Auto,Four-Door Car,392
611,EU68825,Oregon,Female,Master,800054.51,63834,100,1/1/00,Personal Auto,Sports Car,215
612,CC31456,Arizona,Male,Bachelor,645756.10,37548,81,1/0/00,Special Auto,Four-Door Car,160
613,DJ77787,Arizona,Female,High School or Below,728144.01,0,69,1/3/00,Personal Auto,Four-Door Car,371
614,LN26837,California,Male,High School or Below,259243.78,72421,65,1/0/00,Personal Auto,Four-Door Car,312
615,YI92916,Nevada,Male,Master,467842.34,83102,116,1/0/00,Corporate Auto,Four-Door Car,443
616,NW54906,Oregon,Male,College,1386992.71,28432,118,1/0/00,Personal Auto,SUV,612
617,ME77513,Nevada,Female,Master,871777.78,83707,108,1/0/00,Corporate Auto,Four-Door Car,290
618,UK76891,California,Female,College,523398.68,63259,65,1/0/00,Corporate Auto,Four-Door Car,316
619,SI26888,Nevada,Female,High School or Below,476418.97,0,67,1/0/00,Personal Auto,Four-Door Car,405
620,YD74948,Oregon,Female,College,247246.92,63860,62,1/0/00,Personal Auto,Four-Door Car,208
621,HB64268,Washington,Male,Bachelor,281369.26,43836,73,1/0/00,Personal Auto,Four-Door Car,138
622,BW52697,California,Female,College,550505.70,86132,68,1/0/00,Personal Auto,Two-Door Car,301
623,NL41409,Oregon,Female,Bachelor,260620.85,28519,66,1/0/00,Personal Auto,Two-Door Car,456
624,OD69005,Arizona,Female,High School or Below,1048194.38,39102,88,1/0/00,Personal Auto,Four-Door Car,152
625,ZZ91716,California,Female,Bachelor,325676.64,0,89,1/0/00,Personal Auto,Four-Door Car,491
626,UK70255,California,Female,College,3047578.05,97298,128,1/0/00,Personal Auto,Sports Car,48
627,QT25383,Nevada,Male,High School or Below,636490.22,41986,84,1/2/00,Personal Auto,Two-Door Car,430
628,AW18068,Arizona,Male,High School or Below,946850.93,0,88,1/0/00,Personal Auto,Two-Door Car,633
629,NS45347,Oregon,Female,College,563145.19,17291,73,1/0/00,Personal Auto,Four-Door Car,350
630,FV19421,California,Male,Bachelor,778099.93,0,74,1/0/00,Personal Auto,Four-Door Car,246
631,XW89091,California,Male,College,981652.83,37256,62,1/0/00,Personal Auto,Four-Door Car,128
632,YC11951,Oregon,Male,High School or Below,751913.36,96306,95,1/1/00,Corporate Auto,Four-Door Car,185
633,UY18770,California,Female,Bachelor,1017971.70,14290,271,1/0/00,Personal Auto,Luxury SUV,1300
634,RA49085,California,Female,College,277283.92,37038,71,1/1/00,Corporate Auto,Four-Door Car,9
635,BG84194,Oregon,Male,College,403750.18,90760,103,1/2/00,Special Auto,SUV,133
636,PT64580,Washington,Male,Master,419196.61,77048,103,1/0/00,Personal Auto,SUV,141
637,MR67738,Oregon,Female,High School or Below,267686.79,54480,67,1/0/00,Personal Auto,Four-Door Car,321
638,DM95829,California,Male,College,252395.96,16244,68,1/0/00,Personal Auto,Two-Door Car,623
639,DB75522,California,Female,College,698840.16,22436,89,1/0/00,Special Auto,Four-Door Car,427
640,LM34525,Washington,Female,College,874205.78,71592,72,1/0/00,Personal Auto,Four-Door Car,141
641,WW30771,Arizona,Male,Master,267331.96,28728,67,1/0/00,Personal Auto,Four-Door Car,321
642,QP65569,Arizona,Male,High School or Below,1215732.99,57449,103,1/0/00,Personal Auto,Four-Door Car,494
643,TN50051,California,Female,Doctor,295776.40,83318,73,1/0/00,Personal Auto,Two-Door Car,211
644,UO86707,Washington,Male,Bachelors,717390.94,75217,61,1/1/00,Personal Auto,Four-Door Car,147
645,JA41698,Nevada,Male,Bachelor,309953.80,0,102,1/5/00,Corporate Auto,SUV,862
646,NX18774,Oregon,Male,Bachelor,841568.46,55308,107,1/0/00,Corporate Auto,SUV,513
647,DA69469,Oregon,Female,College,2684312.45,36068,97,1/0/00,Personal Auto,Two-Door Car,113
648,CN23147,Oregon,Male,Bachelor,1305717.07,48804,112,1/1/00,Corporate Auto,Four-Door Car,537
649,RA68844,Oregon,Male,College,959995.02,0,131,1/0/00,Personal Auto,SUV,943
650,GH42026,Oregon,Male,Bachelor,853510.89,55790,111,1/0/00,Personal Auto,SUV,117
651,BD16530,Arizona,Female,Bachelor,829348.19,70258,69,1/0/00,Personal Auto,Four-Door Car,225
652,JH91579,Oregon,Female,Bachelor,684615.03,0,95,1/0/00,Personal Auto,Two-Door Car,456
653,WK23685,Oregon,Female,Bachelor,663685.98,47274,83,1/1/00,Corporate Auto,Four-Door Car,182
654,GR62267,Washington,Female,College,560908.25,44705,71,1/0/00,Personal Auto,Two-Door Car,148
655,PI78084,Arizona,Male,High School or Below,507732.09,0,73,1/0/00,Personal Auto,Two-Door Car,525
656,GF97874,Washington,Female,Master,527562.70,70446,65,1/0/00,Personal Auto,Four-Door Car,155
657,ZH19885,Washington,Female,High School or Below,251459.20,43860,65,1/0/00,Personal Auto,Four-Door Car,156
658,UK25655,Oregon,Female,Bachelor,343525.01,64348,86,1/0/00,Personal Auto,Two-Door Car,212
659,QR45101,Oregon,Male,Bachelor,662461.18,0,62,1/0/00,Corporate Auto,Two-Door Car,297
660,EL93539,California,Male,Master,575744.23,88997,72,1/0/00,Special Auto,Four-Door Car,174
661,EE99484,Washington,Female,High School or Below,251459.20,43860,65,1/0/00,Corporate Auto,Four-Door Car,156
662,DP46882,California,Female,High School or Below,288645.16,10312,78,1/0/00,Corporate Auto,Four-Door Car,486
663,WP41146,California,Female,High School or Below,534143.88,0,72,1/1/00,Personal Auto,Four-Door Car,345
664,TK60799,Arizona,Female,High School or Below,416001.81,96263,103,1/0/00,Personal Auto,SUV,1
665,DN29808,California,Female,College,284624.54,28919,72,1/0/00,Corporate Auto,Four-Door Car,518
666,SS59521,Oregon,Female,College,477025.66,0,68,1/1/00,Personal Auto,Two-Door Car,326
667,NG66579,Oregon,Male,Bachelor,505961.62,41869,64,1/0/00,Personal Auto,Two-Door Car,262
668,TC14209,Arizona,Female,High School or Below,909574.46,0,128,1/0/00,Personal Auto,SUV,921
669,ED50963,California,Female,High School or Below,268886.40,32808,68,1/1/00,Personal Auto,Four-Door Car,541
670,GP40701,California,Female,Bachelor,827763.76,79780,68,1/0/00,Personal Auto,Four-Door Car,326
671,CP98451,Oregon,Female,College,905793.53,91025,112,1/0/00,Personal Auto,SUV,327
672,NX52648,California,Female,High School or Below,380175.04,33043,95,1/0/00,Personal Auto,Two-Door Car,456
673,ZC32510,Arizona,Male,High School or Below,933934.16,69442,118,1/3/00,Personal Auto,Four-Door Car,1265
674,NG27780,Oregon,Male,College,252012.32,0,70,1/0/00,Corporate Auto,Four-Door Car,63
675,HN95240,Arizona,Female,College,498409.53,0,70,1/0/00,Corporate Auto,Four-Door Car,336
676,EB59129,Oregon,Female,Bachelor,259574.80,47234,65,1/0/00,Personal Auto,Four-Door Car,15
677,RA70851,Oregon,Male,High School or Below,743769.33,86863,92,1/0/00,Personal Auto,Four-Door Car,441
678,PM19162,Oregon,Male,Bachelor,1453678.76,25805,66,1/2/00,Personal Auto,Four-Door Car,375
679,MS59005,Nevada,Male,Bachelor,591330.59,43676,76,1/0/00,Personal Auto,Four-Door Car,364
680,SU71163,Arizona,Male,College,277166.30,59855,74,1/4/00,Personal Auto,Two-Door Car,355
681,BD35676,Arizona,Male,Master,2919436.64,35296,126,1/0/00,Personal Auto,SUV,452
682,NI44621,Oregon,Female,Master,988038.58,36576,125,1/1/00,Personal Auto,SUV,113
683,EW33419,California,Female,High School or Below,1511440.24,28513,100,1/1/00,Corporate Auto,SUV,480
684,HX44948,Oregon,Male,Bachelor,575991.08,85448,72,1/0/00,Special Auto,Four-Door Car,16
685,DL36983,Oregon,Female,High School or Below,849516.42,23791,110,1/3/00,Personal Auto,Two-Door Car,615
686,XR87264,California,Female,Bachelor,438118.42,20597,112,1/0/00,Personal Auto,Four-Door Car,615
687,NN99001,Arizona,Female,College,699782.74,56940,87,1/0/00,Personal Auto,Four-Door Car,512
688,XV95530,Oregon,Male,Bachelor,1143058.85,93210,71,1/0/00,Personal Auto,Two-Door Car,74
689,OL97871,Oregon,Female,Bachelor,748248.61,48992,94,1/1/00,Personal Auto,Four-Door Car,426
690,HQ23708,Arizona,Female,Master,859691.66,53736,71,1/0/00,Personal Auto,Two-Door Car,169
691,WR63188,Arizona,Male,College,785496.08,25378,66,1/1/00,Personal Auto,Four-Door Car,419
692,NG82219,Oregon,Female,Bachelor,258240.85,76731,64,1/0/00,Personal Auto,Four-Door Car,201
693,KU29408,Washington,Male,Master,907576.82,37722,116,1/0/00,Corporate Auto,Sports Car,158
694,RE46783,California,Female,Bachelor,411858.86,69379,103,1/0/00,Personal Auto,Two-Door Car,494
695,RU94434,Oregon,Male,High School or Below,1215732.99,57449,103,1/0/00,Personal Auto,Four-Door Car,494
696,GI82355,Arizona,Male,Bachelor,515281.96,0,68,1/0/00,Corporate Auto,Four-Door Car,326
697,VO26340,Nevada,Male,College,651297.65,0,93,1/0/00,Personal Auto,Two-Door Car,669
698,NV61299,Arizona,Female,Bachelor,2778969.24,33806,89,1/0/00,Corporate Auto,Four-Door Car,395
699,DX31066,Washington,Female,College,266727.00,94041,66,1/0/00,Personal Auto,Four-Door Car,159
700,CY50337,Oregon,Female,College,1092840.71,74965,90,1/0/00,Personal Auto,Four-Door Car,58
701,TJ20375,Arizona,Female,High School or Below,761538.13,34095,63,1/0/00,Personal Auto,Two-Door Car,302
702,EP72155,California,Female,College,200435.07,0,66,1/4/00,Personal Auto,Four-Door Car,316
703,JJ76159,California,Male,College,243468.12,96045,61,1/0/00,Corporate Auto,Four-Door Car,8
704,BG15419,Nevada,Female,Bachelor,1419536.03,86355,118,1/0/00,Personal Auto,Sports Car,285
705,AO74776,California,Female,High School or Below,942768.49,27824,118,1/0/00,Personal Auto,SUV,566
706,HQ82233,California,Male,High School or Below,1198242.09,42995,101,1/0/00,Personal Auto,SUV,410
707,OL72737,Oregon,Female,High School or Below,310278.95,21235,79,1/0/00,Personal Auto,Two-Door Car,244
708,ZQ59828,California,Male,High School or Below,422263.12,74585,106,1/0/00,Personal Auto,SUV,218
709,NZ15548,Oregon,Male,Bachelor,402381.44,41833,103,1/0/00,Personal Auto,Four-Door Car,643
710,XK61304,California,Female,College,529715.18,23908,70,1/0/00,Personal Auto,Four-Door Car,336
711,EJ44139,Oregon,Male,Bachelor,2142363.72,0,65,1/0/00,Personal Auto,Two-Door Car,312
712,CM94425,Arizona,Male,Bachelor,441620.62,61953,113,1/0/00,Personal Auto,SUV,497
713,OV54878,California,Male,Bachelor,463903.52,0,142,1/0/00,Corporate Auto,SUV,1022
714,JF57282,Nevada,Male,Bachelor,486354.46,0,137,1/0/00,Personal Auto,SUV,657
715,MY37953,Arizona,Female,Bachelor,2583090.98,73760,107,1/1/00,Personal Auto,Sports Car,230
716,XP64922,Oregon,Female,College,297431.49,23333,74,1/0/00,Corporate Auto,Four-Door Car,5
717,WL65572,California,Male,College,206445.88,0,61,1/0/00,Personal Auto,Four-Door Car,292
718,LN50325,Arizona,Female,High School or Below,1006460.83,20440,128,1/2/00,Corporate Auto,Sports Car,614
719,HJ15383,Washington,Male,Master,803240.19,27658,68,1/0/00,Personal Auto,Four-Door Car,160
720,KH59823,California,Male,College,548921.41,50943,139,1/0/00,Special Auto,SUV,667
721,YM79169,California,Male,Bachelor,261275.67,19003,71,1/0/00,Personal Auto,Two-Door Car,34
722,DR38127,California,Male,College,857346.39,46703,108,1/0/00,Personal Auto,Four-Door Car,678
723,PU42145,California,Male,Bachelor,2412750.40,14072,71,1/0/00,Personal Auto,Four-Door Car,511
724,KM33477,Oregon,Male,College,855038.66,21733,73,1/0/00,Corporate Auto,Four-Door Car,525
725,RI53167,Arizona,Male,Bachelor,230864.80,20811,61,1/0/00,Personal Auto,Four-Door Car,292
726,OF77789,Arizona,Female,High School or Below,425462.07,11904,61,1/2/00,Personal Auto,Two-Door Car,292
727,YB33445,Oregon,Female,College,898285.04,43490,114,1/4/00,Corporate Auto,SUV,174
728,BA17836,California,Male,High School or Below,786816.60,57340,67,1/0/00,Corporate Auto,Four-Door Car,159
729,JS43228,California,Male,College,770424.87,49088,97,1/0/00,Corporate Auto,Four-Door Car,698
730,BB11622,Nevada,Male,Master,1055217.00,47761,131,1/0/00,Personal Auto,SUV,232
731,HQ70429,Washington,Female,College,1604510.95,0,65,1/0/00,Personal Auto,Two-Door Car,163
732,WK88044,Arizona,Male,Bachelor,873783.75,61281,110,1/0/00,Personal Auto,SUV,79
733,LA80525,Nevada,Male,Bachelor,545489.07,0,82,1/1/00,Corporate Auto,Two-Door Car,393
734,EH16250,Arizona,Male,Bachelor,770528.33,25290,66,1/0/00,Personal Auto,Four-Door Car,382
735,PU41872,Arizona,Female,High School or Below,703926.24,24239,88,1/0/00,Personal Auto,Four-Door Car,48
736,HB85743,California,Male,Bachelor,883808.56,82664,114,1/3/00,Personal Auto,SUV,133
737,MM71959,Arizona,Male,Bachelor,873352.73,83210,110,1/0/00,Personal Auto,Sports Car,528
738,MB83663,Oregon,Female,Bachelor,959747.48,38736,81,1/0/00,Personal Auto,Two-Door Car,561
739,KR43119,California,Male,College,450666.02,0,66,1/0/00,Personal Auto,Four-Door Car,316
740,KH24214,Oregon,Male,College,1785797.23,55437,64,1/1/00,Personal Auto,Four-Door Car,445
741,AC40767,Washington,Male,Bachelors,249780.82,68041,6464,1/0/00,Personal Auto,Two-Door Car,165
742,HP55391,Oregon,Male,Master,542613.62,0,71,1/0/00,Corporate Auto,Four-Door Car,407
743,EG62398,California,Female,High School or Below,799814.38,29066,100,1/0/00,Personal Auto,SUV,844
744,VS19949,Nevada,Male,Bachelor,289762.07,54337,72,1/0/00,Personal Auto,Four-Door Car,345
745,AM92343,Oregon,Female,High School or Below,1159950.22,67616,96,1/0/00,Personal Auto,Four-Door Car,340
746,GI68556,California,Female,Bachelor,1514793.06,41082,63,1/0/00,Personal Auto,Two-Door Car,106
747,JT11876,WA,Female,High School or Below,543576.78,0,10202,1/0/00,Personal Auto,Four-Door Car,626
748,XR64251,Nevada,Female,Master,272535.64,36650,69,1/1/00,Personal Auto,Four-Door Car,56
749,MK34957,Oregon,Female,College,1329771.23,50631,112,1/4/00,Special Auto,SUV,784
750,GP18756,California,Male,College,992704.97,19592,92,1/0/00,Personal Auto,Four-Door Car,441
751,AP23850,WA,Female,High School or Below,1777154.90,0,114,1/0/00,Personal Auto,Two-Door Car,547
752,KQ65521,Arizona,Female,College,1826927.02,55761,115,1/0/00,Personal Auto,Sports Car,86
753,EJ19449,California,Female,College,272221.07,17576,71,1/0/00,Special Auto,Four-Door Car,398
754,QB70027,California,Female,Bachelor,708321.24,41449,89,1/0/00,Personal Auto,Four-Door Car,63
755,QW47320,Cali,Female,Bachelor,1017971.70,14290,271,1/0/00,Personal Auto,Luxury SUV,1300
756,KH64733,Nevada,Female,College,588950.91,62007,73,1/0/00,Personal Auto,Four-Door Car,120
757,ON59472,Arizona,Male,High School or Below,1577139.34,21921,206,1/0/00,Corporate Auto,Luxury SUV,1254
758,HP94242,Arizona,Female,Bachelor,528817.33,42621,66,1/0/00,Personal Auto,Four-Door Car,316
759,RV15398,Oregon,Male,College,2758055.40,0,87,1/1/00,Personal Auto,Four-Door Car,417
760,EA25683,WA,Male,High School or Below,777853.23,63786,196,1/0/00,Corporate Auto,Luxury SUV,798
761,PW73754,Cali,Female,High School or Below,734186.13,0,104,1/3/00,Personal Auto,Sports Car,82
762,MC71942,Cali,Female,High School or Below,791919.70,82877,99,1/1/00,Personal Auto,Two-Door Car,22
763,OX72195,Arizona,Male,College,216387.02,0,63,1/0/00,Corporate Auto,Two-Door Car,302
764,YQ99152,Nevada,Male,High School or Below,978780.88,10475,88,1/1/00,Personal Auto,Two-Door Car,422
765,KI19439,Oregon,Female,High School or Below,520764.08,21952,66,1/0/00,Personal Auto,Four-Door Car,316
766,PM76175,Oregon,Female,Bachelor,2114727.72,49721,132,1/0/00,Corporate Auto,Sports Car,639
767,US45383,Cali,Male,College,1228076.66,88340,102,1/0/00,Personal Auto,Two-Door Car,489
768,GT38956,Cali,Female,College,244139.42,0,65,1/0/00,Personal Auto,Four-Door Car,312
769,SN41301,Oregon,Male,Bachelor,653556.06,0,65,1/0/00,Corporate Auto,Four-Door Car,468
770,BE62503,WA,Female,College,920659.83,24589,82,1/0/00,Personal Auto,Two-Door Car,511
771,PA16884,Cali,Female,Bachelor,411858.86,69379,103,1/0/00,Personal Auto,Two-Door Car,494
772,NC58480,Nevada,Female,Bachelor,483820.90,73769,61,1/2/00,Personal Auto,Four-Door Car,239
773,NS39326,Cali,Female,College,462554.81,66670,114,1/0/00,Personal Auto,SUV,518
774,PN18507,Arizona,Male,Bachelor,1404210.30,88854,118,1/0/00,Personal Auto,Two-Door Car,715
775,EK91340,Oregon,Male,Bachelor,754661.35,31266,193,1/0/00,Corporate Auto,Luxury Car,926
776,JY16280,Cali,Female,High School or Below,251459.20,43860,65,1/0/00,Personal Auto,Four-Door Car,156
777,ZW71731,Cali,Male,Bachelor,517035.84,89284,133,1/2/00,Corporate Auto,SUV,402
778,ZC24631,Oregon,Male,College,1391737.72,67267,89,1/0/00,Corporate Auto,Four-Door Car,94
779,YR34689,Cali,Female,High School or Below,1131813.08,79270,95,1/3/00,Personal Auto,Four-Door Car,456
780,RT65829,Oregon,Male,Bachelor,427636.36,36692,109,1/1/00,Personal Auto,Four-Door Car,523
781,BZ12077,Oregon,Female,High School or Below,432224.03,0,119,1/0/00,Personal Auto,SUV,571
782,WM65373,Cali,Female,College,800230.83,0,107,1/0/00,Corporate Auto,SUV,513
783,NH35059,Nevada,Male,College,388545.64,0,105,1/0/00,Corporate Auto,Four-Door Car,504
784,QD38160,Oregon,Male,College,447177.82,0,135,1/0/00,Personal Auto,SUV,972
785,BM15160,Cali,Female,High School or Below,849635.28,44624,71,1/1/00,Special Auto,Four-Door Car,73
786,VY79030,Arizona,Female,College,2250088.35,0,71,1/0/00,Corporate Auto,Four-Door Car,340
787,EV19512,Nevada,Female,Master,1630196.76,19614,85,1/0/00,Personal Auto,Two-Door Car,574
788,TE13577,Oregon,Female,College,231973.59,0,64,1/0/00,Personal Auto,Four-Door Car,632
789,WY97929,Arizona,Male,College,871704.98,83846,74,1/3/00,Special Auto,Four-Door Car,355
790,YG20683,WA,Male,College,286011.17,51159,72,1/0/00,Personal Auto,Four-Door Car,4
791,FK75497,Cali,Male,College,245340.83,83772,62,1/0/00,Personal Auto,Two-Door Car,42
792,NE60110,Arizona,Male,College,598977.39,66839,154,1/0/00,Personal Auto,Sports Car,739
793,TN36521,Arizona,Female,College,2498022.55,88440,70,1/0/00,Personal Auto,Two-Door Car,27
794,HG33568,Arizona,Female,Master,748263.95,25666,63,1/2/00,Personal Auto,Four-Door Car,270
795,TW17878,Oregon,Female,High School or Below,245757.60,52926,61,1/0/00,Personal Auto,Four-Door Car,292
796,ZO83562,Nevada,Female,Bachelor,237974.12,0,67,1/0/00,Personal Auto,Four-Door Car,494
797,CH97539,WA,Female,Bachelor,828696.44,40001,70,1/0/00,Personal Auto,Four-Door Car,142
798,CV29889,Cali,Male,College,239391.54,0,70,1/0/00,Personal Auto,Four-Door Car,425
799,MO33320,Oregon,Male,College,465715.95,18024,65,1/0/00,Personal Auto,Two-Door Car,312
800,QZ81258,Oregon,Female,College,1319792.89,0,68,1/3/00,Personal Auto,Four-Door Car,326
801,NY56352,Oregon,Female,Bachelor,280391.67,23220,74,1/0/00,Personal Auto,Four-Door Car,251
802,EA27048,Cali,Female,High School or Below,864650.41,64125,108,1/0/00,Personal Auto,SUV,369
803,UT38865,Oregon,Female,College,742587.06,58042,62,1/0/00,Corporate Auto,Four-Door Car,161
804,QC89139,Oregon,Female,High School or Below,452873.74,90034,112,1/0/00,Corporate Auto,SUV,537
805,LA14484,Nevada,Male,High School or Below,222707.28,27972,61,1/0/00,Special Auto,Four-Door Car,292
806,HN57556,Cali,Female,High School or Below,729294.88,0,65,1/0/00,Personal Auto,Four-Door Car,312
807,CV31235,Arizona,Male,Bachelor,318435.52,50989,80,1/0/00,Corporate Auto,Four-Door Car,255
808,WR45726,Arizona,Female,Bachelor,1131520.37,11885,101,1/0/00,Special Auto,Four-Door Car,484
809,LB25094,Cali,Female,Bachelor,253070.51,89451,63,1/0/00,Special Auto,Four-Door Car,61
810,KW56110,Oregon,Male,Bachelor,1836155.53,0,182,1/0/00,Personal Auto,Luxury Car,1310
811,XO36233,WA,Male,Bachelor,864153.00,78904,109,1/0/00,Personal Auto,SUV,250
812,ZX86243,Arizona,Male,Doctor,327853.19,70247,83,1/1/00,Personal Auto,Four-Door Car,141
813,DW29763,Arizona,Male,High School or Below,527198.21,32653,67,1/0/00,Personal Auto,Two-Door Car,321
814,CT83377,WA,Male,High School or Below,376363.77,93595,97,1/4/00,Special Auto,Four-Door Car,49
815,OQ90898,Cali,Male,Master,1395556.96,90279,115,1/0/00,Personal Auto,SUV,372
816,GO77248,Oregon,Female,College,500152.75,0,72,1/0/00,Personal Auto,Four-Door Car,542
817,QW33258,Cali,Male,Bachelor,708283.04,53310,189,1/3/00,Personal Auto,Luxury Car,1360
818,OU79745,Cali,Male,College,761948.28,0,105,1/0/00,Personal Auto,Four-Door Car,504
819,VZ79886,Oregon,Female,Bachelor,1255088.20,22234,160,1/0/00,Personal Auto,SUV,768
820,FI92440,WA,Female,High School or Below,3219660.04,91375,99,1/0/00,Personal Auto,Two-Door Car,72
821,YG85980,Nevada,Female,High School or Below,679377.41,22250,86,1/0/00,Personal Auto,Two-Door Car,720
822,QM74621,Oregon,Male,Bachelor,527231.97,0,80,1/0/00,Personal Auto,Four-Door Car,576
823,EI71732,Oregon,Female,Doctor,626534.33,0,84,1/1/00,Personal Auto,Four-Door Car,481
824,VN79010,Cali,Female,High School or Below,854758.61,51179,71,1/0/00,Corporate Auto,Four-Door Car,466
825,FI61723,Cali,Male,Bachelor,278742.37,38667,72,1/0/00,Personal Auto,Four-Door Car,159
826,OH55411,Cali,Female,Master,462680.11,79487,114,1/0/00,Corporate Auto,SUV,547
827,TF10720,Nevada,Female,Doctor,866336.40,67763,107,1/2/00,Personal Auto,Four-Door Car,41
828,NW30838,Nevada,Male,High School or Below,387222.22,0,62,1/2/00,Corporate Auto,Four-Door Car,503
829,CB58476,Oregon,Female,College,517081.15,0,71,1/0/00,Corporate Auto,Four-Door Car,859
830,WI69346,Cali,Female,Master,896028.02,71943,112,1/0/00,Corporate Auto,SUV,305
831,FS76657,Oregon,Female,College,547183.43,53526,68,1/0/00,Personal Auto,Four-Door Car,278
832,YX89016,Oregon,Male,College,3493100.17,35005,295,1/0/00,Personal Auto,Luxury Car,1416
833,PK28821,Cali,Male,College,262039.23,24721,67,1/0/00,Personal Auto,Four-Door Car,139
834,MB51200,WA,Male,College,1906949.95,0,102,1/2/00,Personal Auto,Four-Door Car,734
835,XG44587,Arizona,Male,Master,575744.23,88997,72,1/0/00,Personal Auto,Four-Door Car,174
836,FG91922,Arizona,Male,Master,4022401.36,48587,111,1/0/00,Personal Auto,SUV,532
837,OM99303,Arizona,Female,High School or Below,270148.83,76310,67,1/0/00,Personal Auto,Two-Door Car,321
838,RV67546,Cali,Male,Bachelor,371243.05,73205,92,1/0/00,Personal Auto,Four-Door Car,37
839,UJ79253,Oregon,Female,College,2185084.00,51056,78,1/0/00,Personal Auto,Four-Door Car,95
840,PN98247,Cali,Male,College,784016.58,58414,210,1/2/00,Personal Auto,Luxury SUV,1008
841,IB67546,Cali,Female,Bachelor,823703.79,23940,107,1/0/00,Personal Auto,SUV,513
842,OE19087,Cali,Female,High School or Below,224347.39,0,62,1/0/00,Personal Auto,Four-Door Car,446
843,CM95716,Cali,Male,Bachelor,843446.41,44216,71,1/0/00,Personal Auto,Four-Door Car,72
844,MW62634,Cali,Male,High School or Below,222707.28,27972,61,1/0/00,Corporate Auto,Four-Door Car,292
845,QW67581,Arizona,Female,High School or Below,517002.60,0,69,1/0/00,Personal Auto,Four-Door Car,331
846,SN16059,Cali,Female,Master,264144.61,29305,66,1/0/00,Personal Auto,Four-Door Car,475
847,OE51254,Cali,Female,College,279068.30,53882,69,1/0/00,Personal Auto,Four-Door Car,331
848,RM42344,Oregon,Male,College,274512.98,91757,69,1/1/00,Personal Auto,Four-Door Car,331
849,GB35238,Cali,Female,Bachelor,757953.27,33906,64,1/0/00,Personal Auto,Two-Door Car,401
850,ML82674,Oregon,Male,Bachelor,1097878.03,68158,139,1/1/00,Personal Auto,SUV,253
851,EI85244,Cali,Male,College,825506.01,0,134,1/3/00,Personal Auto,SUV,643
852,DE28132,Oregon,Male,College,474773.46,42165,123,1/0/00,Corporate Auto,SUV,799
853,TV25678,WA,Male,College,354090.43,0,101,1/0/00,Personal Auto,SUV,727
854,TY26512,Cali,Male,Doctor,343613.43,30817,88,1/0/00,Personal Auto,Four-Door Car,91
855,OB69153,Cali,Male,Bachelor,258218.53,68074,65,1/0/00,Personal Auto,Four-Door Car,27
856,QZ77637,Washington,Female,College,1166509.78,84978,35353,1/1/00,Corporate Auto,Four-Door Car,166
857,XN41715,Cali,Female,Master,739628.37,71135,92,1/1/00,Personal Auto,Four-Door Car,270
858,QR15857,Cali,Female,College,433079.98,0,61,1/0/00,Personal Auto,Two-Door Car,292
859,FL69363,Oregon,Male,Master,907576.82,37722,116,1/0/00,Personal Auto,Sports Car,158
860,IS30295,Arizona,Female,Bachelor,1463545.16,0,139,1/0/00,Personal Auto,SUV,667
862,NL59519,Cali,Female,College,1156568.75,64642,96,1/0/00,Personal Auto,Four-Door Car,404
863,ZU93025,Oregon,Female,College,277104.50,50071,71,1/0/00,Personal Auto,Two-Door Car,18
864,DK94262,Oregon,Male,High School or Below,850712.88,46754,106,1/1/00,Personal Auto,SUV,513
865,UQ30615,Cali,Male,College,758211.38,64801,64,1/0/00,Corporate Auto,Four-Door Car,268
866,OR40060,Arizona,Male,Bachelor,332309.25,70410,83,1/0/00,Personal Auto,Four-Door Car,131
867,DK32872,Nevada,Female,High School or Below,523433.17,66957,131,1/1/00,Personal Auto,SUV,628
868,FA46418,Nevada,Female,High School or Below,2470959.96,24213,78,1/1/00,Personal Auto,Four-Door Car,374
869,ER19995,Washington,Female,College,1778627.78,99790,6464,1/0/00,Personal Auto,Four-Door Car,178
870,KI75855,Oregon,Male,Master,255122.67,79751,63,1/0/00,Personal Auto,Two-Door Car,392
871,ND41876,Arizona,Male,High School or Below,724771.37,86122,182,1/1/00,Personal Auto,Luxury SUV,873
872,PN21042,Arizona,Male,Bachelor,453884.78,82297,116,1/0/00,Personal Auto,Sports Car,0
873,GJ43254,Washington,Male,College,3164210.46,89057,98,1/0/00,Corporate Auto,Two-Door Car,187
874,AL46984,Cali,Male,High School or Below,873042.20,43259,73,1/0/00,Personal Auto,Four-Door Car,350
875,JP58047,Oregon,Male,College,833273.06,0,79,1/0/00,Personal Auto,Four-Door Car,379
876,ZE85014,Cali,Male,College,235774.70,25064,62,1/0/00,Personal Auto,Four-Door Car,297
877,KU88219,Arizona,Male,Master,463716.40,25816,119,1/0/00,Personal Auto,Sports Car,571
878,UU98729,Cali,Male,Bachelor,535719.27,0,73,1/0/00,Personal Auto,Four-Door Car,350
879,WS82822,Oregon,Female,College,539197.10,41662,69,1/0/00,Corporate Auto,Four-Door Car,217
880,YB49933,Arizona,Male,Bachelor,369414.05,96170,92,1/0/00,Personal Auto,Four-Door Car,441
881,XC16387,Arizona,Female,High School or Below,504041.24,46072,64,1/0/00,Personal Auto,Four-Door Car,25
882,XJ96748,Arizona,Female,High School or Below,2749542.19,37931,99,1/0/00,Personal Auto,Four-Door Car,475
883,TM98684,Oregon,Male,High School or Below,484228.50,35127,62,1/0/00,Personal Auto,Four-Door Car,297
884,AY18433,Washington,Female,High School or Below,2738281.89,45473,76,1/0/00,Special Auto,Two-Door Car,188
885,DM74502,Nevada,Female,College,522710.19,93087,131,1/3/00,Corporate Auto,Sports Car,628
886,FT56968,Arizona,Male,High School or Below,259009.60,22398,67,1/2/00,Personal Auto,Four-Door Car,321
887,OX36896,Cali,Male,High School or Below,1053607.80,92983,87,1/1/00,Corporate Auto,Four-Door Car,153
888,BZ65376,Arizona,Male,Bachelor,858127.87,27689,239,1/2/00,Personal Auto,Luxury SUV,2893
889,LN34660,Cali,Female,College,946311.33,69654,118,1/0/00,Corporate Auto,SUV,629
890,JC29295,Cali,Female,Bachelor,1344100.64,80744,111,1/0/00,Personal Auto,SUV,361
891,KJ87930,Cali,Female,Bachelor,388650.48,0,112,1/0/00,Corporate Auto,SUV,1185
892,XT36360,Arizona,Female,High School or Below,678489.37,0,64,1/1/00,Personal Auto,Four-Door Car,460
893,IX35050,Arizona,Male,Bachelor,2359468.02,76358,66,1/0/00,Special Auto,Four-Door Car,86
894,UN97379,Oregon,Male,Bachelor,253862.63,18608,71,1/0/00,Corporate Auto,Four-Door Car,340
895,MR57294,Cali,Male,High School or Below,563994.20,73168,70,1/0/00,Personal Auto,Four-Door Car,425
896,UG79499,Washington,Male,Bachelor,1168137.43,70930,99,1/0/00,Personal Auto,Four-Door Car,190
897,UA50747,Washington,Female,High School or Below,2599775.00,62262,72,1/0/00,Corporate Auto,Four-Door Car,193
898,GL20444,Nevada,Female,Master,1377836.93,91474,113,1/0/00,Corporate Auto,Two-Door Car,24
899,SP58110,Cali,Female,Bachelor,492318.17,61469,63,1/5/00,Personal Auto,Four-Door Car,302
900,XM91635,Arizona,Female,High School or Below,227233.54,16618,62,1/0/00,Special Auto,Four-Door Car,219
901,TV82603,Cali,Female,Bachelor,1489539.80,48081,188,1/0/00,Personal Auto,Luxury SUV,881
902,BB82067,Oregon,Male,Doctor,975604.50,67632,121,1/0/00,Personal Auto,Sports Car,26
903,JP94676,Oregon,Female,Bachelor,942297.41,34115,119,1/0/00,Personal Auto,SUV,466
904,VU53417,Arizona,Male,High School or Below,383735.76,23051,99,1/0/00,Personal Auto,Two-Door Car,475
905,IW54795,Cali,Male,College,1095213.19,23748,99,1/0/00,Personal Auto,Four-Door Car,607
906,RN78170,Arizona,Female,College,815913.66,40589,69,1/0/00,Corporate Auto,Four-Door Car,331
907,IX55883,Cali,Female,College,1948049.98,50809,83,1/0/00,Personal Auto,Four-Door Car,290
908,XM72420,Arizona,Female,High School or Below,391936.67,66676,97,1/0/00,Personal Auto,Four-Door Car,558
909,GC15104,Nevada,Female,Bachelor,798514.21,52339,70,1/3/00,Corporate Auto,Four-Door Car,336
910,RX13282,Oregon,Male,Bachelor,1216874.49,14973,115,1/0/00,Personal Auto,SUV,828
911,QA85890,Arizona,Female,High School or Below,584932.15,0,83,1/0/00,Corporate Auto,Four-Door Car,540
912,IR62668,Arizona,Female,Bachelor,508583.66,31546,65,1/0/00,Personal Auto,Four-Door Car,100
913,AL96740,Cali,Female,College,290393.98,67763,73,1/1/00,Personal Auto,Four-Door Car,59
914,SS48498,Washington,Female,College,627317.34,20836,79,1/0/00,Corporate Auto,Four-Door Car,193
915,PE39479,Washington,Male,College,1832141.90,88592,76,1/0/00,Corporate Auto,Four-Door Car,199
916,JH62891,Oregon,Female,College,517870.42,66943,65,1/1/00,Special Auto,Four-Door Car,53
917,FI20423,Arizona,Female,High School or Below,1402435.84,81872,115,1/0/00,Special Auto,Four-Door Car,256
918,PM13394,Washington,Female,College,530943.59,22404,70,1/1/00,Personal Auto,Four-Door Car,211
919,YV67971,Cali,Female,High School or Below,494980.38,21342,62,1/0/00,Personal Auto,Four-Door Car,74
920,QD31377,Cali,Male,Bachelor,859566.53,34621,108,1/1/00,Corporate Auto,SUV,621
921,YG10247,Oregon,Male,College,2295189.20,62396,64,1/0/00,Personal Auto,Four-Door Car,307
922,FE73696,Oregon,Male,High School or Below,379213.03,97212,93,1/0/00,Personal Auto,Two-Door Car,360
923,SW19699,Arizona,Female,Bachelor,275574.80,49648,70,1/0/00,Personal Auto,Four-Door Car,65
924,QJ40732,Arizona,Male,College,488033.96,97984,61,1/1/00,Personal Auto,Four-Door Car,407
925,HM76207,Cali,Female,College,905190.53,26308,114,1/0/00,Corporate Auto,SUV,547
926,NT59303,Oregon,Female,College,1011544.62,63528,256,1/0/00,Personal Auto,Luxury Car,1228
927,PU41393,Nevada,Male,College,826907.54,20225,114,1/1/00,Special Auto,SUV,547
928,QO86948,Nevada,Male,High School or Below,807165.30,0,112,1/0/00,Personal Auto,SUV,806
929,QN10888,Oregon,Female,High School or Below,772699.36,87620,64,1/0/00,Personal Auto,Four-Door Car,24
930,VY19543,Cali,Female,Bachelor,831113.59,0,72,1/0/00,Corporate Auto,Four-Door Car,311
931,XC15133,Nevada,Female,Master,257402.04,34990,65,1/0/00,Personal Auto,Four-Door Car,42
932,ST43550,Oregon,Male,Bachelor,572732.71,99934,71,1/0/00,Special Auto,Four-Door Car,460
933,FX36546,Washington,Male,Master,367914.21,60804,92,1/0/00,Personal Auto,Four-Door Car,213
934,JX68983,Oregon,Male,Bachelor,274451.96,94648,69,1/0/00,Personal Auto,Four-Door Car,331
935,HX78576,Cali,Female,High School or Below,563674.03,24516,71,1/0/00,Personal Auto,Four-Door Car,300
936,ZQ11381,Arizona,Male,Bachelor,1687038.82,61063,85,1/0/00,Personal Auto,Four-Door Car,262
937,ON39271,Cali,Male,Master,273800.20,0,74,1/0/00,Personal Auto,Two-Door Car,263
938,SB18278,Oregon,Male,Bachelor,464470.05,0,64,1/0/00,Corporate Auto,Four-Door Car,307
939,ZT30559,Cali,Female,High School or Below,474668.65,15169,63,1/0/00,Personal Auto,Four-Door Car,302
940,XI41106,Arizona,Male,College,1687432.82,55390,71,1/0/00,Corporate Auto,Two-Door Car,256
941,ZS88847,Oregon,Female,Bachelor,238760.61,27592,62,1/0/00,Personal Auto,Four-Door Car,297
942,RU49126,Washington,Female,College,446533.57,61846,112,1/0/00,Personal Auto,SUV,215
943,KR62797,Arizona,Female,High School or Below,459162.59,83297,113,1/0/00,Personal Auto,SUV,542
944,ZJ73220,Arizona,Female,College,1309258.58,0,188,1/0/00,Special Auto,Luxury Car,1353
945,FY62633,Oregon,Male,Bachelor,911226.66,0,90,1/0/00,Personal Auto,Four-Door Car,432
946,CU36986,Cali,Female,High School or Below,416516.66,55897,104,1/0/00,Personal Auto,Four-Door Car,499
947,WZ53904,Arizona,Male,Bachelor,265998.06,21297,71,1/0/00,Personal Auto,Four-Door Car,45
948,AA71604,Arizona,Female,Master,1198659.21,87560,98,1/1/00,Personal Auto,Two-Door Car,470
949,TD10493,Oregon,Female,High School or Below,289873.27,0,96,1/4/00,Personal Auto,Four-Door Car,691
950,LY97989,Oregon,Female,Bachelor,289424.39,0,85,1/0/00,Personal Auto,Four-Door Car,408
951,VX39856,Arizona,Female,Doctor,350045.44,89398,86,1/0/00,Personal Auto,Four-Door Car,82
952,TP51897,Cali,Female,College,262180.86,36843,68,1/3/00,Corporate Auto,Four-Door Car,357
953,QQ89253,Oregon,Female,College,1022180.50,0,134,1/0/00,Personal Auto,SUV,643
954,EI91403,Cali,Male,High School or Below,257827.10,34946,65,1/0/00,Personal Auto,Two-Door Car,420
955,QG15435,Arizona,Female,College,624259.57,75680,78,1/0/00,Personal Auto,Four-Door Car,136
956,FZ55002,Nevada,Female,Doctor,522028.10,0,69,1/0/00,Personal Auto,Four-Door Car,331
957,HX77930,Washington,Female,College,313643.21,49532,79,1/1/00,Personal Auto,Four-Door Car,220
958,UN37063,Arizona,Male,Bachelor,452536.58,10269,65,1/0/00,Personal Auto,Two-Door Car,170
959,VB87946,Cali,Male,College,497035.73,49714,63,1/3/00,Personal Auto,Four-Door Car,266
960,AB60627,Cali,Male,High School or Below,1546778.90,77517,129,1/0/00,Corporate Auto,SUV,98
961,TA34903,Oregon,Male,High School or Below,583889.92,81082,73,1/0/00,Personal Auto,Four-Door Car,281
962,AQ51368,Oregon,Female,Bachelor,1065688.20,72540,88,1/0/00,Corporate Auto,Two-Door Car,631
963,NZ26102,Oregon,Female,High School or Below,228961.87,0,65,1/0/00,Personal Auto,Four-Door Car,468
964,GB45753,Cali,Male,High School or Below,543980.42,61546,68,1/0/00,Corporate Auto,Two-Door Car,29
965,BV79904,Cali,Female,Master,795615.01,44818,67,1/1/00,Personal Auto,Two-Door Car,136
966,OB49075,Arizona,Male,Bachelor,445811.34,17622,65,1/1/00,Personal Auto,Four-Door Car,312
967,DS97676,Oregon,Female,College,255505.15,0,72,1/0/00,Personal Auto,Four-Door Car,518
968,JO63462,Cali,Male,Bachelor,330799.90,79797,84,1/0/00,Corporate Auto,Two-Door Car,31
969,NJ10602,Washington,Female,College,845905.32,92717,70,1/0/00,Personal Auto,Two-Door Car,224
970,RS24501,Oregon,Female,College,1335012.09,28919,173,1/0/00,Personal Auto,SUV,830
971,VT78274,Arizona,Male,College,493122.13,0,68,1/0/00,Personal Auto,Four-Door Car,480
972,SU56153,Nevada,Male,Bachelor,777683.52,63568,65,1/0/00,Corporate Auto,Two-Door Car,390
973,MN20737,Nevada,Female,College,255367.22,73935,64,1/1/00,Corporate Auto,Four-Door Car,72
974,KL43114,Arizona,Female,High School or Below,487646.97,0,66,1/0/00,Corporate Auto,Two-Door Car,316
975,YQ15567,Oregon,Female,Bachelor,903430.58,18846,115,1/0/00,Personal Auto,SUV,552
976,TR88637,Arizona,Female,High School or Below,810591.08,38893,103,1/0/00,Personal Auto,SUV,41
977,TC88986,Oregon,Male,High School or Below,561968.91,0,153,1/0/00,Special Auto,SUV,1027
978,XX88577,Cali,Male,Bachelor,1572713.06,84824,196,1/0/00,Corporate Auto,SUV,319
979,NE49052,Cali,Female,High School or Below,661801.64,20068,86,1/0/00,Corporate Auto,Four-Door Car,411
980,KX17826,Oregon,Male,Doctor,467004.80,0,125,1/0/00,Corporate Auto,SUV,600
981,CC91503,Arizona,Female,High School or Below,1016936.98,0,135,1/0/00,Personal Auto,Sports Car,648
982,WH32183,Cali,Male,Bachelor,832307.40,97245,70,1/0/00,Personal Auto,Four-Door Car,4
983,ES90681,Cali,Female,College,241776.00,51808,61,1/1/00,Personal Auto,Four-Door Car,351
984,DW96592,Cali,Male,Bachelor,804487.24,71391,67,1/0/00,Personal Auto,Four-Door Car,284
985,MT23134,Oregon,Male,High School or Below,532572.45,0,73,1/0/00,Personal Auto,Two-Door Car,496
986,BM69081,Arizona,Male,Bachelor,694752.40,0,100,1/0/00,Personal Auto,SUV,925
987,MB90871,Oregon,Female,College,584741.52,23496,77,1/0/00,Special Auto,Four-Door Car,13
989,QL77686,Nevada,Female,College,472478.61,23986,119,1/0/00,Corporate Auto,SUV,463
990,ON77827,Arizona,Female,Master,279022.80,22974,71,1/0/00,Personal Auto,Four-Door Car,180
991,KP18988,Oregon,Female,High School or Below,2153133.28,0,101,1/0/00,Personal Auto,Four-Door Car,484
992,TI92884,Arizona,Male,Bachelor,1262283.27,61844,106,1/0/00,Personal Auto,Sports Car,508
993,JH73503,Arizona,Male,Doctor,2017196.15,24804,73,1/0/00,Personal Auto,Two-Door Car,350
994,YE97964,Cali,Female,Bachelor,1646436.59,27760,104,1/0/00,Personal Auto,SUV,302
995,VA30351,Oregon,Female,High School or Below,559538.99,74454,71,1/0/00,Personal Auto,Four-Door Car,340
996,PV55726,Oregon,Female,Master,417068.73,29462,107,1/1/00,Personal Auto,SUV,513
997,UC88305,Arizona,Female,College,266544.71,52266,68,1/0/00,Corporate Auto,Two-Door Car,141
998,TS53809,Oregon,Male,Bachelor,709891.41,0,70,1/0/00,Personal Auto,Two-Door Car,349
999,ZV32120,Cali,Male,Doctor,397134.51,23599,103,1/0/00,Corporate Auto,SUV,494
1000,FB80807,Oregon,Male,Bachelor,552821.28,36088,72,1/0/00,Personal Auto,Four-Door Car,345
1001,AS55677,Cali,Female,High School or Below,833899.58,70534,104,1/0/00,Personal Auto,Four-Door Car,54
1002,WA15684,Oregon,Male,College,3844585.59,27398,125,1/1/00,Personal Auto,SUV,600
1003,SA50567,Nevada,Male,Bachelor,544855.52,85296,68,1/0/00,Personal Auto,Four-Door Car,342
1004,KJ31611,Arizona,Male,High School or Below,1080806.60,31063,92,1/0/00,Personal Auto,Four-Door Car,441
1005,VL37375,Cali,Male,Bachelor,618509.65,0,92,1/0/00,Personal Auto,Two-Door Car,1027
1006,KN21017,Nevada,Male,High School or Below,320822.59,52367,81,1/0/00,Personal Auto,Four-Door Car,275
1007,PX44289,Arizona,Male,College,548010.41,58651,71,1/0/00,Personal Auto,Four-Door Car,472
1008,AM97901,Nevada,Female,College,2298615.39,84831,192,1/0/00,Special Auto,Sports Car,1336
1009,RE42925,Oregon,Male,Bachelor,1310792.59,49088,114,1/1/00,Corporate Auto,SUV,547
1010,TR81766,Cali,Female,College,746292.63,70263,93,1/0/00,Corporate Auto,Two-Door Car,7
1011,CH85057,Oregon,Female,Doctor,1146399.10,45354,285,1/0/00,Personal Auto,Luxury SUV,540
1012,UP71482,Arizona,Male,High School or Below,723613.25,0,63,1/0/00,Personal Auto,Four-Door Car,383
1013,EG40670,Cali,Female,Bachelor,623268.79,28334,83,1/0/00,Special Auto,Four-Door Car,537
1014,HV83672,Oregon,Female,Bachelor,2839332.99,38772,90,1/0/00,Personal Auto,Four-Door Car,321
1015,MG10140,Oregon,Female,College,374675.16,41479,94,1/1/00,Personal Auto,Two-Door Car,19
1016,TC44716,Cali,Male,Bachelor,2156933.73,23909,119,1/0/00,Personal Auto,SUV,571
1017,QO65264,Cali,Male,College,501208.37,48328,63,1/0/00,Personal Auto,Two-Door Car,108
1018,EB66698,Cali,Male,High School or Below,337185.84,86689,85,1/0/00,Corporate Auto,Two-Door Car,408
1019,OT52034,Cali,Male,Bachelor,386477.68,24204,99,1/1/00,Personal Auto,Four-Door Car,707
1020,CH85444,Oregon,Male,College,414571.19,25943,110,1/0/00,Corporate Auto,Two-Door Car,1067
1021,PU85769,Cali,Male,High School or Below,515607.27,0,73,1/0/00,Personal Auto,Four-Door Car,807
1022,UI73201,Cali,Male,College,366737.50,62375,92,1/0/00,Personal Auto,Two-Door Car,618
1023,SL50592,Cali,Female,High School or Below,783568.35,0,71,1/0/00,Corporate Auto,Four-Door Car,404
1024,XP11075,Arizona,Male,Bachelor,1456726.84,0,148,1/0/00,Personal Auto,SUV,710
1025,SI31236,Oregon,Male,Bachelor,1017133.90,70200,65,1/0/00,Corporate Auto,Four-Door Car,312
1026,JN26745,Nevada,Female,Bachelor,413577.52,0,112,1/0/00,Special Auto,Four-Door Car,707
1027,VK48036,Oregon,Female,College,551149.11,79027,70,1/0/00,Corporate Auto,Four-Door Car,336
1028,JX76668,Washington,Female,High School or Below,1131424.39,62935,141,1/0/00,Personal Auto,Sports Car,232
1029,DS45802,Cali,Female,High School or Below,541461.73,26893,68,1/0/00,Personal Auto,Four-Door Car,68
1030,OA96690,Oregon,Female,High School or Below,742159.35,47406,94,1/1/00,Personal Auto,Four-Door Car,287
1031,EM27919,Cali,Male,Bachelor,445811.34,17622,65,1/1/00,Personal Auto,Four-Door Car,312
1032,QO41043,Oregon,Female,College,1447612.49,27572,124,1/0/00,Corporate Auto,SUV,595
1033,OV50124,Oregon,Female,College,493688.84,0,72,1/2/00,Personal Auto,Two-Door Car,391
1034,PR31642,Oregon,Female,Bachelor,452527.65,32802,114,1/0/00,Personal Auto,SUV,547
1035,BU41599,Washington,Female,Master,558176.13,62739,70,1/0/00,Personal Auto,Two-Door Car,239
1036,TK30357,Cali,Female,Bachelor,1413434.74,90844,118,1/0/00,Personal Auto,SUV,232
1037,NF31087,Nevada,Female,High School or Below,2472318.31,44685,69,1/0/00,Personal Auto,Four-Door Car,331
1038,NH16984,Cali,Female,Bachelor,283806.78,0,80,1/0/00,Personal Auto,Four-Door Car,336
1039,OS75493,Cali,Female,High School or Below,384848.36,42589,98,1/0/00,Corporate Auto,Four-Door Car,470
1040,VT63298,Oregon,Male,Bachelor,1950447.39,0,72,1/0/00,Personal Auto,Four-Door Car,345
1041,QS75550,Washington,Female,Bachelors,248004.59,93383,62,1/0/00,Corporate Auto,Two-Door Car,244
1042,SZ16483,Arizona,Female,High School or Below,436137.29,79583,109,1/2/00,Personal Auto,Four-Door Car,523
1043,VM92311,Arizona,Female,High School or Below,252907.75,89129,64,1/0/00,Personal Auto,Four-Door Car,328
1044,NJ46849,Arizona,Male,College,250444.48,0,69,1/0/00,Personal Auto,Four-Door Car,496
1045,WZ31900,Oregon,Female,Bachelor,864970.06,94389,107,1/0/00,Corporate Auto,SUV,85
1046,RG30482,Oregon,Female,College,1366835.53,0,197,1/0/00,Personal Auto,SUV,1418
1047,ZM86949,Oregon,Female,High School or Below,2063508.46,84106,64,1/0/00,Personal Auto,Two-Door Car,334
1048,QQ39596,Arizona,Female,College,251753.36,0,69,1/0/00,Personal Auto,Four-Door Car,42
1049,FH51383,Cali,Female,High School or Below,532667.77,76717,66,1/0/00,Personal Auto,Two-Door Car,300
1050,BJ53923,Arizona,Male,High School or Below,260027.21,51978,66,1/0/00,Corporate Auto,Four-Door Car,144
1051,CZ96653,Oregon,Female,Bachelor,853479.28,47325,107,1/0/00,Personal Auto,SUV,64
1052,FB23788,Oregon,Male,High School or Below,882883.50,86721,111,1/0/00,Corporate Auto,SUV,532
1053,NT43594,Nevada,Female,Bachelor,224844.96,24910,63,1/1/00,Personal Auto,Four-Door Car,347
1054,RJ85627,Washington,Female,Bachelor,1230276.24,43817,62,1/1/00,Personal Auto,Four-Door Car,245
1055,KJ86296,Oregon,Male,High School or Below,455659.30,0,73,1/2/00,Personal Auto,Four-Door Car,525
1056,PI47776,Oregon,Female,Bachelor,253070.51,89451,63,1/0/00,Corporate Auto,Four-Door Car,61
1057,MD73554,Cali,Male,College,525198.40,59537,66,1/0/00,Personal Auto,Two-Door Car,316
1058,UX92071,Oregon,Male,High School or Below,674311.93,0,199,1/0/00,Personal Auto,Luxury SUV,955
1059,YG44474,Oregon,Male,College,1401472.13,54193,117,1/0/00,Corporate Auto,SUV,720
1060,UH45301,Oregon,Male,College,943891.56,86946,118,1/0/00,Personal Auto,Four-Door Car,340
1061,RY92647,Cali,Female,Bachelor,1050677.17,0,92,1/0/00,Personal Auto,Four-Door Car,546
1062,IK12620,Arizona,Female,High School or Below,421391.86,12160,109,1/0/00,Personal Auto,Four-Door Car,489
1063,GQ66762,Cali,Male,College,477368.64,33701,63,1/0/00,Personal Auto,Four-Door Car,171
1064,YT69858,Washington,Female,Bachelor,544142.01,85702,67,1/0/00,Personal Auto,Two-Door Car,249
1065,XD85577,Cali,Male,Bachelor,284226.69,69417,73,1/1/00,Personal Auto,Four-Door Car,30
1066,TM65736,Oregon,Male,Master,305955.03,38644,78,1/1/00,Personal Auto,Four-Door Car,361
1067,VJ51327,Cali,Female,High School or Below,2031499.76,63209,102,1/2/00,Personal Auto,SUV,207
1068,GS98873,Arizona,Female,Bachelor,323912.47,16061,88,1/0/00,Personal Auto,Four-Door Car,633
1069,CW49887,California,Female,Master,462680.11,79487,114,1/0/00,Special Auto,SUV,547
1070,MY31220,California,Female,College,899704.02,54230,112,1/0/00,Personal Auto,Two-Door Car,537
